name,rating,genre,runtime,year,release_date,release_country,score,votes,director,writer,star,country,budget,gross,company
Malice,R,Crime,107,1993,1993-10-01,United States,6.4,24000,Harold Becker,Aaron Sorkin,Alec Baldwin,Canada,20000000,46405336,Castle Rock Entertainment
Beach Rats,R,Drama,98,2017,2017-11-22,Sweden,6.4,13000,Eliza Hittman,Eliza Hittman,Harris Dickinson,United States,NA,486623,Cinereach
The Souvenir,R,Drama,120,2019,2019-08-30,United Kingdom,6.4,9300,Joanna Hogg,Joanna Hogg,Neil Young,United Kingdom,NA,1719157,BBC Films
All or Nothing,R,Drama,128,2002,2002-10-18,United Kingdom,7.5,10000,Mike Leigh,Mike Leigh,Timothy Spall,United Kingdom,9000000,2845696,Les Films Alain Sarde
The Final Destination,R,Action,82,2009,2009-08-28,United States,5.2,99000,David R. Ellis,Eric Bress,Nick Zano,United States,40000000,186167139,New Line Cinema
Harry Potter and the Goblet of Fire,PG-13,Adventure,157,2005,2005-11-18,United States,7.7,566000,Mike Newell,Steve Kloves,Daniel Radcliffe,United Kingdom,150000000,896678241,Warner Bros.
The Duke of Burgundy,Not Rated,Drama,104,2014,2015-01-23,United States,6.5,12000,Peter Strickland,Peter Strickland,Sidse Babett Knudsen,United Kingdom,1000000,185147,Rook Films
Multiplicity,PG-13,Comedy,117,1996,1996-07-17,United States,6.1,31000,Harold Ramis,Chris Miller,Michael Keaton,United States,45000000,21075014,Columbia Pictures
The Bad Batch,R,Action,118,2016,2017-06-23,United States,5.3,28000,Ana Lily Amirpour,Ana Lily Amirpour,Suki Waterhouse,United States,6000000,201890,Human Stew Factory
Brainscan,R,Comedy,96,1994,1994-04-22,United States,6.1,11000,John Flynn,Brian Owens,Edward Furlong,United Kingdom,NA,4352094,Admire Productions Ltd.
Trespass,R,Action,101,1992,1992-12-25,United States,6.3,10000,Walter Hill,Bob Gale,Bill Paxton,United States,14000000,13249535,Universal Pictures
How Do You Know,PG-13,Comedy,121,2010,2010-12-17,United States,5.4,48000,James L. Brooks,James L. Brooks,Reese Witherspoon,United States,120000000,48668907,Columbia Pictures
So I Married an Axe Murderer,PG-13,Comedy,93,1993,1993-07-30,United States,6.5,36000,Thomas Schlamme,Robbie Fox,Mike Myers,United States,20000000,11585483,TriStar Pictures
House at the End of the Street,PG-13,Drama,101,2012,2012-09-21,United States,5.6,74000,Mark Tonderai,David Loucka,Jennifer Lawrence,United States,10000000,44287131,Relativity Media
Star Wars: The Clone Wars,PG,Animation,98,2008,2008-08-15,United States,5.9,61000,Dave Filoni,Henry Gilroy,Matt Lanter,United States,8500000,68282844,Lucasfilm Animation
The Witches,PG,Adventure,91,1990,1990-08-24,United States,6.9,46000,Nicolas Roeg,Roald Dahl,Anjelica Huston,United Kingdom,NA,10360553,Lorimar Film Entertainment
The Meteor Man,PG,Action,100,1993,1993-08-06,United States,5.2,7800,Robert Townsend,Robert Townsend,Robert Townsend,United States,20000000,8016708,Metro-Goldwyn-Mayer (MGM)
The Spiderwick Chronicles,PG,Action,96,2008,2008-02-14,United States,6.5,91000,Mark Waters,Karey Kirkpatrick,Freddie Highmore,United States,90000000,164170327,Paramount Pictures
Out Cold,PG-13,Comedy,89,2001,2001-11-21,United States,6.3,17000,Brendan Malloy,Jon Zack,Flex Alexander,United States,24000000,14782676,Touchstone Pictures
Madeline,PG,Comedy,88,1998,1998-07-10,United States,6,7000,Daisy von Scherler Mayer,Ludwig Bemelmans,Frances McDormand,France,NA,29967750,Jaffilms
Patriots Day,R,Action,133,2016,2017-01-13,United States,7.4,96000,Peter Berg,Peter Berg,Mark Wahlberg,Hong Kong,45000000,52185751,CBS Films
The Stepford Wives,PG-13,Comedy,93,2004,2004-06-11,United States,5.3,62000,Frank Oz,Ira Levin,Nicole Kidman,United States,90000000,103370127,Paramount Pictures
Cat People,R,Fantasy,118,1982,1982-04-02,United States,6.2,20000,Paul Schrader,DeWitt Bodeen,Nastassja Kinski,United States,18000000,7000000,RKO Pictures
Crimson Peak,R,Drama,119,2015,2015-10-16,United States,6.5,136000,Guillermo del Toro,Guillermo del Toro,Mia Wasikowska,Canada,55000000,74679822,Double Dare You (DDY)
Tai-Pan,R,Adventure,127,1986,1986-11-07,United States,5.6,1600,Daryl Duke,John Briley,Bryan Brown,United States,25000000,4007250,De Laurentiis Entertainment Group (DEG)
The Principal,R,Action,109,1987,1987-09-18,United States,6.3,9300,Christopher Cain,Frank Deese,Jim Belushi,United States,11000000,19734940,TriStar Pictures
The Diving Bell and the Butterfly,PG-13,Biography,112,2007,2008-02-01,United States,8,105000,Julian Schnabel,Ronald Harwood,Mathieu Amalric,France,NA,19780116,Pathé
Instant Family,PG-13,Comedy,118,2018,2018-11-16,United States,7.3,97000,Sean Anders,Sean Anders,Mark Wahlberg,United States,48000000,120556201,Closest to the Hole Productions
Don't Be a Menace to South Central While Drinking Your Juice in the Hood,R,Comedy,89,1996,1996-01-12,United States,6.6,50000,Paris Barclay,Shawn Wayans,Shawn Wayans,United States,3800000,20949601,Island Pictures
Black Widow,R,Crime,102,1987,1987-02-06,United States,6.4,9000,Bob Rafelson,Ronald Bass,Debra Winger,United States,10500000,25205460,Amercent Films
Kon-Tiki,PG-13,Adventure,118,2012,2013-04-26,United States,7.2,47000,Joachim Rønning,Petter Skavlan,Pål Sverre Hagen,United Kingdom,16600000,22842887,Recorded Picture Company (RPC)
Pirates of the Caribbean: the Curse of the Black Pearl,PG-13,Action,143,2003,2003-07-09,United States,8,1000000,Gore Verbinski,Ted Elliott,Johnny Depp,United States,140000000,654264015,Walt Disney Pictures
Sin Nombre,R,Adventure,96,2009,2009-04-17,United States,7.6,32000,Cary Joji Fukunaga,Cary Joji Fukunaga,Paulina Gaitan,Mexico,NA,5102705,Scion Films
I Capture the Castle,R,Drama,113,2003,2003-08-08,United States,6.9,7200,Tim Fywell,Dodie Smith,Romola Garai,United Kingdom,8000000,6586341,BBC Films
Iron Man 3,PG-13,Action,130,2013,2013-05-03,United States,7.1,779000,Shane Black,Drew Pearce,Robert Downey Jr.,United States,200000000,1214811252,Marvel Studios
Clifford's Really Big Movie,G,Animation,74,2004,2004-04-23,United States,5.4,822,Robert C. Ramirez,Rhett Reese,John Ritter,United States,70000,3255426,Big Red Dog Productions
As Tears Go By,Not Rated,Crime,102,1988,2008-05-02,United States,7,9000,Kar-Wai Wong,Jeffrey Lau,Andy Lau,Hong Kong,NA,13133,In-Gear Film Production
"The Adventures of Priscilla, Queen of the Desert",R,Comedy,104,1994,1994-08-10,United States,7.5,48000,Stephan Elliott,Stephan Elliott,Hugo Weaving,Australia,NA,11265402,PolyGram Filmed Entertainment
Return to Snowy River,PG,Adventure,99,1988,1988-04-15,United States,6.6,2400,Geoff Burrowes,John Dixon,Tom Burlinson,Australia,NA,13687027,Burrowes Film Group
Warriors of Virtue,PG,Action,101,1997,1997-05-02,United States,4.7,3000,Ronny Yu,Michael Vickerman,Angus Macfadyen,United States,35000000,6537036,China Film Co-Production Corporation
How High,R,Comedy,93,2001,2001-12-21,United States,6.3,55000,Jesse Dylan,Dustin Lee Abraham,Method Man,United States,20000000,31283740,Jersey Films
Same Kind of Different as Me,PG-13,Biography,119,2017,2017-10-20,United States,6.6,6900,Michael Carney,Ron Hall,Greg Kinnear,United States,15000000,6423605,Disruption Entertainment
Trees Lounge,R,Comedy,95,1996,1996-10-11,United States,7.1,14000,Steve Buscemi,Steve Buscemi,Steve Buscemi,United States,1300000,749741,Addis Wechsler Pictures
Man Bites Dog,NC-17,Comedy,95,1992,1993-01-15,United States,7.5,37000,Rémy Belvaux,Rémy Belvaux,Benoît Poelvoorde,Belgium,NA,205569,Les Artistes Anonymes
Chain Reaction,PG-13,Action,107,1996,1996-08-02,United States,5.7,49000,Andrew Davis,Arne Schmidt,Keanu Reeves,United States,50000000,60209334,3 Arts Entertainment
City by the Sea,R,Crime,108,2002,2002-09-06,United States,6.1,24000,Michael Caton-Jones,Mike McAlary,Robert De Niro,United States,40000000,29676703,Franchise Pictures
Old School,R,Comedy,88,2003,2003-02-21,United States,7.1,219000,Todd Phillips,Court Crandall,Luke Wilson,United States,24000000,87135520,Dreamworks Pictures
Operation Finale,PG-13,Biography,122,2018,2018-08-29,United States,6.6,36000,Chris Weitz,Matthew Orton,Oscar Isaac,United States,24000000,17612099,Metro-Goldwyn-Mayer (MGM)
Captivity,R,Crime,96,2007,2007-07-13,United States,4.6,23000,Roland Joffé,Larry Cohen,Elisha Cuthbert,United States,17000000,10921200,Captivity Productions
Stranger Than Fiction,PG-13,Comedy,113,2006,2006-11-10,United States,7.5,222000,Marc Forster,Zach Helm,Will Ferrell,United States,30000000,53653224,Columbia Pictures
The Host,PG-13,Action,125,2013,2013-03-29,United States,5.9,112000,Andrew Niccol,Andrew Niccol,Saoirse Ronan,United States,40000000,63365859,Chockstone Pictures
Paternity,PG,Comedy,94,1981,1981-10-02,United States,4.9,920,David Steinberg,Charlie Peters,Burt Reynolds,United States,NA,18838812,Paramount Pictures
The Beguiled,R,Drama,93,2017,2017-06-30,United States,6.3,54000,Sofia Coppola,Sofia Coppola,Nicole Kidman,United States,10500000,27869129,American Zoetrope
The Dresser,PG,Drama,118,1983,1983-12-06,United States,7.6,4900,Peter Yates,Ronald Harwood,Albert Finney,United Kingdom,NA,5310748,Columbia Pictures
Quartet,PG-13,Comedy,98,2012,2013-03-01,United States,6.8,19000,Dustin Hoffman,Ronald Harwood,Maggie Smith,United Kingdom,11000000,59520298,Headline Pictures
Shallow Grave,R,Crime,89,1994,1995-02-10,United States,7.3,58000,Danny Boyle,John Hodge,Kerry Fox,United Kingdom,2500000,2079569,Channel Four Films
This Is Spinal Tap,R,Comedy,82,1984,1984-03-02,United States,7.9,132000,Rob Reiner,Christopher Guest,Rob Reiner,United States,2500000,4736202,Spinal Tap Prod.
The Girl Who Kicked the Hornet's Nest,R,Crime,147,2009,2010-11-12,United States,7.3,69000,Daniel Alfredson,Jonas Frykberg,Michael Nyqvist,Sweden,NA,44276335,Film i Väst
"I, Robot",PG-13,Action,115,2004,2004-07-16,United States,7.1,509000,Alex Proyas,Jeff Vintar,Will Smith,United States,120000000,353133898,Twentieth Century Fox
Dumb and Dumber,PG-13,Comedy,107,1994,1994-12-16,United States,7.3,361000,Peter Farrelly,Peter Farrelly,Jim Carrey,United States,17000000,247275374,New Line Cinema
Taking Care of Business,R,Comedy,108,1990,1990-08-17,United States,6.5,8100,Arthur Hiller,Jill Mazursky,Jim Belushi,United States,NA,20005435,Hollywood Pictures
Get Shorty,R,Comedy,105,1995,1995-10-20,United States,6.9,78000,Barry Sonnenfeld,Elmore Leonard,Gene Hackman,United States,30250000,115101622,Metro-Goldwyn-Mayer (MGM)
"Planes, Trains & Automobiles",R,Comedy,93,1987,1987-11-25,United States,7.6,128000,John Hughes,John Hughes,Steve Martin,United States,30000000,49530280,Paramount Pictures
Geostorm,PG-13,Action,109,2017,2017-10-20,United States,5.3,99000,Dean Devlin,Dean Devlin,Gerard Butler,United States,120000000,221600160,Warner Bros.
Powder,PG-13,Drama,111,1995,1995-10-27,United States,6.6,29000,Victor Salva,Victor Salva,Mary Steenburgen,United States,9500000,30862156,Caravan Pictures
The Mission,PG,Adventure,125,1986,1986-10-31,United States,7.4,57000,Roland Joffé,Robert Bolt,Robert De Niro,United Kingdom,24500000,17502499,Warner Bros.
Flight of the Navigator,PG,Adventure,90,1986,1986-08-01,United States,6.9,45000,Randal Kleiser,Mark H. Baker,Joey Cramer,United States,9000000,18564613,Walt Disney Pictures
Without a Paddle,PG-13,Adventure,95,2004,2004-08-20,United States,5.9,45000,Steven Brill,Fred Wolf,Matthew Lillard,United States,19000000,73029190,Paramount Pictures
Fast Five,PG-13,Action,130,2011,2011-04-29,United States,7.3,362000,Justin Lin,Chris Morgan,Vin Diesel,United States,125000000,626137675,Universal Pictures
Scrooged,PG-13,Comedy,101,1988,1988-11-23,United States,7,90000,Richard Donner,Mitch Glazer,Bill Murray,United States,32000000,60329001,Paramount Pictures
Brooklyn's Finest,R,Action,132,2009,2010-03-05,United States,6.7,62000,Antoine Fuqua,Michael C. Martin,Richard Gere,United States,17000000,45719985,Millennium Films
Just Go with It,PG-13,Comedy,117,2011,2011-02-11,United States,6.4,227000,Dennis Dugan,Allan Loeb,Adam Sandler,United States,80000000,214945591,Columbia Pictures
Borg vs. McEnroe,R,Biography,107,2017,2018-04-13,United States,6.9,29000,Janus Metz,Ronnie Sandahl,Sverrir Gudnason,Sweden,NA,3430165,SF Studios Production AB
Empire of the Sun,PG,Action,153,1987,1987-12-25,United States,7.7,119000,Steven Spielberg,Tom Stoppard,Christian Bale,United States,35000000,22238696,Amblin Entertainment
Winter Flight,NA,Drama,89,1984,1986-02-14,United States,7.3,67,Roy Battersby,Alan Janes,Reece Dinsdale,United Kingdom,NA,2729,Enigma Productions
The Bye Bye Man,PG-13,Drama,96,2017,2017-01-13,United States,4.2,23000,Stacy Title,Jonathan Penner,Douglas Smith,United States,7400000,29874280,Huayi Brothers Media
Footloose,PG,Drama,107,1984,1984-02-17,United States,6.6,73000,Herbert Ross,Dean Pitchford,Kevin Bacon,United States,8200000,80039064,Paramount Pictures
Babylon A.D.,PG-13,Action,90,2008,2008-08-29,United States,5.6,94000,Mathieu Kassovitz,Maurice G. Dantec,Vin Diesel,France,70000000,72109200,Babylon
My Little Pony: The Movie,PG,Animation,99,2017,2017-10-06,United States,6.1,6200,Jayson Thiessen,Meghan McCarthy,Emily Blunt,United States,6500000,60330833,Lionsgate
Napoleon Dynamite,PG,Comedy,96,2004,2004-08-27,United States,6.9,204000,Jared Hess,Jared Hess,Jon Heder,United States,400000,46138887,Fox Searchlight Pictures
Meet the Deedles,PG,Comedy,93,1998,1998-03-27,United States,4.1,2700,Steve Boyum,Jim Herzfeld,Paul Walker,United States,24000000,4356216,DIC Entertainment
Deadtime Stories,R,Comedy,93,1986,1986-11-28,United States,4.7,1800,Jeffrey Delman,Jeffrey Delman,Scott Valentine,United States,NA,2750741,Scary Stuff
Satisfaction,PG-13,Comedy,92,1988,1988-02-12,United States,4.9,3400,Joan Freeman,Charles Purpura,Justine Bateman,United States,NA,8253123,National Broadcasting Company (NBC)
Brenda Starr,PG,Adventure,93,1989,1992-04-15,United States,4.8,1000,Robert Ellis Miller,Noreen Stone,Brooke Shields,United States,16000000,67878,AM/PM Entertainment
Fifty Shades Freed,R,Drama,105,2018,2018-02-09,United States,4.5,59000,James Foley,Niall Leonard,Dakota Johnson,United States,55000000,371987838,Perfect World Pictures
Exit to Eden,R,Comedy,113,1994,1994-10-14,United States,4.3,6600,Garry Marshall,Anne Rice,Dana Delany,United States,25000000,6841570,Savoy Pictures
High Heels,R,Comedy,112,1991,1991-12-20,United States,7.1,14000,Pedro Almodóvar,Pedro Almodóvar,Victoria Abril,Spain,NA,1710057,Canal+
Grumpier Old Men,PG-13,Comedy,101,1995,1995-12-22,United States,6.7,25000,Howard Deutch,Mark Steven Johnson,Walter Matthau,United States,25000000,71518503,Lancaster Gate
The Hangover,R,Comedy,100,2009,2009-06-05,United States,7.7,733000,Todd Phillips,Jon Lucas,Zach Galifianakis,United States,35000000,469310836,Warner Bros.
Closer,R,Drama,104,2004,2004-12-03,United States,7.2,207000,Mike Nichols,Patrick Marber,Natalie Portman,United States,27000000,115505027,Columbia Pictures
The Odd Couple II,PG-13,Adventure,97,1998,1998-04-10,United States,6.5,9400,Howard Deutch,Neil Simon,Jack Lemmon,United States,NA,18912328,Paramount Pictures
Spring Breakers,R,Crime,94,2012,2013-03-22,United States,5.3,138000,Harmony Korine,Harmony Korine,Vanessa Hudgens,United States,5000000,32170399,Muse Productions
The Dreamers,NC-17,Drama,115,2003,2004-02-20,United States,7.2,114000,Bernardo Bertolucci,Gilbert Adair,Michael Pitt,United Kingdom,15000000,24152155,Recorded Picture Company (RPC)
Wish Upon,PG-13,Drama,90,2017,2017-07-14,United States,5,19000,John R. Leonetti,Barbara Marshall,Joey King,United States,12000000,23468586,Broad Green Pictures
Free Willy 3: The Rescue,PG,Adventure,86,1997,1997-08-08,United States,4.8,9500,Sam Pillsbury,Keith Walker,Jason James Richter,United States,NA,3446539,Warner Bros. Family Entertainment
The Protector,R,Action,111,2005,2006-09-08,United States,7.1,36000,Prachya Pinkaew,Napalee,Tony Jaa,Thailand,NA,27165581,Sahamongkolfilm Co.
Father Hood,PG-13,Adventure,95,1993,1993-08-27,United States,4.9,2900,Darrell Roodt,Scott Spencer,Patrick Swayze,United States,NA,3418141,Hollywood Pictures
Passengers,PG-13,Drama,116,2016,2016-12-21,United States,7,364000,Morten Tyldum,Jon Spaihts,Jennifer Lawrence,United States,110000000,303144152,Columbia Pictures
Bébé's Kids,PG-13,Animation,72,1992,1992-07-31,United States,5.8,4900,Bruce W. Smith,Robin Harris,Faizon Love,United States,NA,8442162,Hyperion Pictures
Rookie of the Year,PG,Comedy,103,1993,1993-07-07,United States,6.1,26000,Daniel Stern,Sam Harper,Thomas Ian Nicholas,United States,10000000,56500758,Twentieth Century Fox
The Muppets Take Manhattan,G,Adventure,94,1984,1984-07-13,United States,6.9,20000,Frank Oz,Tom Patchett,Jim Henson,United States,NA,25534703,Henson Associates (HA)
Sydney White,PG-13,Comedy,108,2007,2007-09-21,United States,6.2,47000,Joe Nussbaum,Chad Gomez Creasey,Amanda Bynes,United States,16500000,13620075,Morgan Creek Entertainment
Role Models,R,Comedy,99,2008,2008-11-07,United States,6.8,223000,David Wain,Timothy Dowling,Paul Rudd,Germany,28000000,92649419,Universal Pictures
Pokémon Detective Pikachu,PG,Action,104,2019,2019-05-10,United States,6.6,146000,Rob Letterman,Dan Hernandez,Ryan Reynolds,United States,150000000,433921300,Warner Bros.
Predators,R,Action,107,2010,2010-07-09,United States,6.4,216000,Nimród Antal,Alex Litvak,Adrien Brody,United States,40000000,127233108,Twentieth Century Fox
Rumor Has It...,PG-13,Comedy,97,2005,2005-12-25,United States,5.5,55000,Rob Reiner,Ted Griffin,Jennifer Aniston,United States,70000000,88933562,Warner Bros.
The Legend of the Lone Ranger,PG,Action,98,1981,1981-05-22,United States,5.1,2000,William A. Fraker,Ivan Goff,Klinton Spilsbury,United States,18000000,12617845,Eaves Movie Ranch
Black Rain,R,Action,125,1989,1989-09-22,United States,6.6,51000,Ridley Scott,Craig Bolotin,Michael Douglas,United States,30000000,134212055,Paramount Pictures
First Reformed,R,Drama,113,2017,2018-05-18,United States,7.1,51000,Paul Schrader,Paul Schrader,Ethan Hawke,United States,NA,3862498,Killer Films
Shazam!,PG-13,Action,132,2019,2019-04-05,United States,7,284000,David F. Sandberg,Henry Gayden,Zachary Levi,United States,100000000,365971656,Warner Bros.
The Day of the Beast,R,Action,99,1995,1998-12-23,United States,7.4,19000,Álex de la Iglesia,Jorge Guerricaechevarría,Álex Angulo,Spain,NA,NA,Canal+ España
Malena,R,Comedy,108,2000,2001-02-02,United States,7.5,94000,Giuseppe Tornatore,Giuseppe Tornatore,Monica Bellucci,Italy,NA,14493284,Medusa Film
Bottle Rocket,R,Comedy,91,1996,1996-02-21,United States,7,72000,Wes Anderson,Owen Wilson,Luke Wilson,United States,7000000,560069,Columbia Pictures
M. Butterfly,R,Drama,101,1993,1993-10-01,United States,6.8,9000,David Cronenberg,David Henry Hwang,Jeremy Irons,United States,NA,1498795,Geffen Pictures
Cabin Fever,R,Horror,93,2002,2003-09-12,United States,5.6,75000,Eli Roth,Eli Roth,Jordan Ladd,United States,1500000,30553394,Tonic Films
Superhero Movie,PG-13,Action,75,2008,2008-03-28,United States,4.6,65000,Craig Mazin,Craig Mazin,Drake Bell,United States,35000000,71571300,Dimension Films
The Last Unicorn,G,Animation,92,1982,1982-11-19,United States,7.4,25000,Jules Bass,Peter S. Beagle,Jeff Bridges,United Kingdom,3500000,6455330,Rankin/Bass Productions
If Looks Could Kill,PG-13,Action,88,1991,1991-03-15,United States,5.8,6600,William Dear,Fred Dekker,Richard Grieco,United States,NA,7788597,Warner Bros.
Love Crimes,R,Romance,90,1992,1992-01-24,United States,4.2,874,Lizzie Borden,Allan Moyle,Sean Young,United Kingdom,NA,2287928,Sovereign Pictures
The Wedding Banquet,R,Comedy,106,1993,1993-08-04,United States,7.6,14000,Ang Lee,Ang Lee,Winston Chao,Taiwan,1000000,6933459,Ang Lee Productions
Forget Paris,PG-13,Comedy,101,1995,1995-05-19,United States,6.5,12000,Billy Crystal,Billy Crystal,Billy Crystal,United States,NA,33177694,Castle Rock Entertainment
The Verdict,R,Drama,129,1982,1982-12-17,United States,7.7,37000,Sidney Lumet,Barry Reed,Paul Newman,United States,16000000,53993738,Twentieth Century Fox
Abominable,PG,Animation,97,2019,2019-09-27,United States,7,32000,Jill Culton,Jill Culton,Chloe Bennet,United States,75000000,180314199,DreamWorks Animation
The Taking of Pelham 123,R,Action,106,2009,2009-06-12,United States,6.4,189000,Tony Scott,Brian Helgeland,Denzel Washington,United States,100000000,150166126,Columbia Pictures
Ghost Stories,Not Rated,Drama,98,2017,2018-04-20,United States,6.4,32000,Jeremy Dyson,Jeremy Dyson,Samuel Bottomley,United Kingdom,NA,4131358,Warp Films
A Night at the Roxbury,PG-13,Comedy,82,1998,1998-10-02,United States,6.2,58000,John Fortenberry,Steve Koren,Chris Kattan,United States,17000000,30331165,Broadway Pictures
The Wolverine,PG-13,Action,126,2013,2013-07-26,United States,6.7,439000,James Mangold,Mark Bomback,Hugh Jackman,United States,120000000,414828246,Twentieth Century Fox
King Solomon's Mines,PG-13,Action,100,1985,1985-11-22,United States,5.2,13000,J. Lee Thompson,H. Rider Haggard,Richard Chamberlain,United States,12500000,15057465,The Cannon Group
"No Retreat, No Surrender 2",R,Adventure,92,1987,1989-01-27,United States,5.1,1600,Corey Yuen,Maria Elena Cellino,Loren Avedon,Hong Kong,NA,NA,Seasonal Film Corporation
Mr. Jones,R,Drama,114,1993,1993-10-08,United States,5.8,6900,Mike Figgis,Eric Roth,Richard Gere,United States,25000000,8345845,Rastar Productions
Moon,R,Drama,97,2009,2009-07-10,United States,7.8,342000,Duncan Jones,Duncan Jones,Sam Rockwell,United Kingdom,5000000,9760107,Sony Pictures Classics
Before We Go,PG-13,Comedy,95,2014,2015-07-21,United States,6.8,54000,Chris Evans,Ronald Bass,Chris Evans,United States,NA,462875,G4 Productions
The Piano,R,Drama,121,1993,1994-02-11,United States,7.6,81000,Jane Campion,Jane Campion,Holly Hunter,New Zealand,7000000,40185556,CiBy 2000
Tenacious D in the Pick of Destiny,R,Adventure,93,2006,2006-11-22,United States,6.8,104000,Liam Lynch,Jack Black,Jack Black,United States,20000000,13939963,Red Hour Films
Little Women,PG,Drama,115,1994,1994-12-25,United States,7.3,54000,Gillian Armstrong,Louisa May Alcott,Susan Sarandon,United States,18000000,50083616,Columbia Pictures
21 Jump Street,R,Action,109,2012,2012-03-16,United States,7.2,521000,Phil Lord,Michael Bacall,Jonah Hill,United States,42000000,201585328,Columbia Pictures
Ant-Man and the Wasp,PG-13,Action,118,2018,2018-07-06,United States,7,333000,Peyton Reed,Chris McKenna,Paul Rudd,United States,162000000,622674139,Marvel Studios
In the Company of Men,R,Comedy,97,1997,1997-08-01,United States,7.2,13000,Neil LaBute,Neil LaBute,Aaron Eckhart,Canada,25000,2804473,Alliance Atlantis Communications
Raising Helen,PG-13,Comedy,119,2004,2004-05-28,United States,6,36000,Garry Marshall,Patrick J. Clifton,Kate Hudson,United States,50000000,49718611,Touchstone Pictures
The Lego Batman Movie,PG,Animation,104,2017,2017-02-10,United States,7.3,135000,Chris McKay,Seth Grahame-Smith,Will Arnett,United States,80000000,311950384,Animal Logic
Defending Your Life,PG,Comedy,112,1991,1991-04-05,United States,7.2,18000,Albert Brooks,Albert Brooks,Albert Brooks,United States,NA,16371128,Geffen Pictures
Sanctum,R,Action,108,2011,2011-02-04,United States,5.9,54000,Alister Grierson,John Garvin,Rhys Wakefield,United States,30000000,108609310,Universal Pictures
The Man Who Wasn't There,R,Crime,116,2001,2001-11-16,United States,7.5,106000,Joel Coen,Joel Coen,Billy Bob Thornton,United States,20000000,18916623,Good Machine
Came a Hot Friday,PG,Adventure,101,1985,1985-10-04,United States,6.6,192,Ian Mune,Ronald Hugh Morrieson,Peter Bland,New Zealand,NA,NA,Mirage Films
The Cave,PG-13,Action,97,2005,2005-08-26,United States,5.1,36000,Bruce Hunt,Michael Steinberg,Piper Perabo,United States,30000000,33296457,Screen Gems
Out of the Furnace,R,Action,116,2013,2013-12-06,United States,6.8,110000,Scott Cooper,Brad Ingelsby,Christian Bale,United Kingdom,22000000,15661554,Appian Way
Troy,R,Drama,163,2004,2004-05-14,United States,7.2,500000,Wolfgang Petersen,Homer,Brad Pitt,United States,175000000,497409852,Warner Bros.
Married to the Mob,R,Comedy,104,1988,1988-08-19,United States,6.2,16000,Jonathan Demme,Barry Strugatz,Michelle Pfeiffer,United States,10000000,21486757,Orion Pictures
Partners,R,Comedy,93,1982,1982-04-30,United States,5.3,1200,James Burrows,Francis Veber,Ryan O'Neal,United States,6000000,6062898,Paramount Pictures
Once,R,Drama,86,2007,2007-06-15,United States,7.8,112000,John Carney,John Carney,Glen Hansard,Ireland,150000,20936722,Bórd Scannán na hÉireann
"O Brother, Where Art Thou?",PG-13,Adventure,107,2000,2001-02-02,United States,7.7,295000,Joel Coen,Homer,George Clooney,United Kingdom,26000000,71870729,Touchstone Pictures
Charlie's Angels,PG-13,Action,98,2000,2000-11-03,United States,5.6,179000,McG,Ryan Rowe,Cameron Diaz,United States,93000000,264105545,Columbia Pictures
Pink,Not Rated,Crime,136,2016,2016-09-16,United States,8.1,41000,Aniruddha Roy Chowdhury,Shoojit Sircar,Taapsee Pannu,India,NA,180180,NH Studioz
Max Dugan Returns,PG,Comedy,98,1983,1983-03-25,United States,6.6,3300,Herbert Ross,Neil Simon,Jason Robards,United States,NA,17613720,Twentieth Century Fox
"Blood In, Blood Out",R,Crime,180,1993,1993-04-30,United States,8,29000,Taylor Hackford,Ross Thomas,Damian Chapa,United States,35000000,4496583,Hollywood Pictures
The Scarlet Letter,R,Drama,135,1995,1995-10-13,United States,5.3,15000,Roland Joffé,Nathaniel Hawthorne,Demi Moore,United States,46000000,10382407,Allied Stars Ltd.
Vamps,PG-13,Comedy,92,2012,2012-11-02,United States,5.2,9700,Amy Heckerling,Amy Heckerling,Alicia Silverstone,United States,16000000,92748,Lucky Monkey Pictures
American Pop,R,Animation,96,1981,1981-02-13,United States,7.2,4400,Ralph Bakshi,Ronni Kern,Mews Small,United States,1500000,NA,Bakshi Productions
Octopussy,PG,Action,131,1983,1983-06-10,United States,6.5,98000,John Glen,George MacDonald Fraser,Roger Moore,United Kingdom,27500000,67893619,United Artists
How to Train Your Dragon 2,PG,Animation,102,2014,2014-06-13,United States,7.8,313000,Dean DeBlois,Dean DeBlois,Jay Baruchel,United States,145000000,621537519,DreamWorks Animation
The Negotiator,R,Action,140,1998,1998-07-29,United States,7.3,134000,F. Gary Gray,James DeMonaco,Samuel L. Jackson,Germany,50000000,44547681,New Regency Productions
Gross Anatomy,PG-13,Drama,109,1989,1989-10-20,United States,6.1,3600,Thom Eberhardt,Mark Spragg,Matthew Modine,United States,8500000,11604598,Hill/Rosenman
I Now Pronounce You Chuck & Larry,PG-13,Comedy,115,2007,2007-07-20,United States,5.9,143000,Dennis Dugan,Barry Fanaro,Adam Sandler,United States,85000000,187134117,Universal Pictures
The Bounty Hunter,PG-13,Action,110,2010,2010-03-19,United States,5.6,123000,Andy Tennant,Sarah Thorp,Jennifer Aniston,United States,40000000,136333522,Columbia Pictures
The Conjuring,R,Horror,112,2013,2013-07-19,United States,7.5,464000,James Wan,Chad Hayes,Patrick Wilson,United States,20000000,320290989,New Line Cinema
Clean and Sober,R,Drama,124,1988,1988-08-10,United States,6.7,5700,Glenn Gordon Caron,Tod Carroll,Michael Keaton,United States,NA,8674093,Imagine Films Entertainment
Antwone Fisher,PG-13,Biography,120,2002,2003-01-10,United States,7.3,34000,Denzel Washington,Antwone Fisher,Denzel Washington,United States,12500000,23367586,Fox Searchlight Pictures
The League of Extraordinary Gentlemen,PG-13,Action,110,2003,2003-07-11,United States,5.8,171000,Stephen Norrington,Alan Moore,Sean Connery,United States,78000000,179265204,Angry Films
Shoot to Kill,R,Action,110,1988,1988-02-12,United States,6.8,12000,Roger Spottiswoode,Harv Zimmel,Sidney Poitier,United States,15000000,29300090,Touchstone Pictures
Racing with the Moon,PG,Comedy,108,1984,1984-03-23,United States,6.7,4200,Richard Benjamin,Steve Kloves,Sean Penn,United States,6500000,6045647,Jaffe-Lansing
Jigsaw,R,Crime,92,2017,2017-10-27,United States,5.8,73000,Michael Spierig,Josh Stolberg,Matt Passmore,Canada,10000000,102952888,Twisted Pictures
Son of a Gun,R,Action,108,2014,2014-12-11,United States,6.4,27000,Julius Avery,Julius Avery,Ewan McGregor,Australia,NA,660241,Screen Australia
Adventures in Babysitting,PG-13,Adventure,102,1987,1987-07-03,United States,6.9,40000,Chris Columbus,David Simkins,Elisabeth Shue,United States,7000000,34368475,Touchstone Pictures
Money for Nothing,R,Comedy,100,1993,1993-09-10,United States,5.7,3700,Ramón Menéndez,Mark Bowden,John Cusack,United States,11000000,1039824,Permut Presentations
The Black Dahlia,R,Crime,121,2006,2006-09-15,United States,5.6,72000,Brian De Palma,Josh Friedman,Josh Hartnett,United States,50000000,49332692,Universal Pictures
Oxford Blues,PG-13,Comedy,97,1984,1984-08-24,United States,5.3,3000,Robert Boris,Robert Boris,Rob Lowe,United Kingdom,NA,8793152,Baltic Industrial Finance
The Lord of the Rings: The Fellowship of the Ring,PG-13,Action,178,2001,2001-12-19,United States,8.8,1700000,Peter Jackson,J.R.R. Tolkien,Elijah Wood,New Zealand,93000000,897690072,New Line Cinema
The New Adventures of Pippi Longstocking,G,Adventure,100,1988,1988-07-29,United States,5.9,4000,Ken Annakin,Astrid Lindgren,Tami Erin,Sweden,5000000,3569939,Columbia Pictures
Back to the Future,PG,Adventure,116,1985,1985-07-03,United States,8.5,1100000,Robert Zemeckis,Robert Zemeckis,Michael J. Fox,United States,19000000,381906762,Universal Pictures
American Anthem,PG-13,Drama,102,1986,1986-06-27,United States,4.8,1400,Albert Magnoli,Evan Archerd,Mitchell Gaylord,United States,NA,4845724,Lorimar Productions
Mortdecai,R,Action,107,2015,2015-01-23,United States,5.5,69000,David Koepp,Eric Aronson,Johnny Depp,United Kingdom,60000000,47275717,MWM Studios
About Schmidt,R,Comedy,125,2002,2003-01-03,United States,7.1,124000,Alexander Payne,Louis Begley,Jack Nicholson,United States,30000000,105834556,New Line Cinema
Still Crazy,R,Comedy,95,1998,1999-01-22,United States,7,7800,Brian Gibson,Dick Clement,Stephen Rea,United Kingdom,NA,524864,Columbia Pictures
Milk,R,Biography,128,2008,2009-01-30,United States,7.5,167000,Gus Van Sant,Dustin Lance Black,Sean Penn,United States,20000000,54589558,Focus Features
The Bravest,PG-13,Action,118,2019,2019-08-09,United States,5.6,794,Tony Chan,Chao Wang,Xiaoming Huang,China,NA,245179562,Bona Film Group
True Love,R,Comedy,104,1989,1989-09-15,United States,6,696,Nancy Savoca,Nancy Savoca,Annabella Sciorra,United States,NA,1354268,United Artists
Killer Klowns from Outer Space,PG-13,Comedy,88,1988,1988-05-27,United States,6.2,34000,Stephen Chiodo,Charles Chiodo,Grant Cramer,United States,2000000,NA,Sarlui / Diamant
The Delta Force,R,Action,125,1986,1986-02-14,United States,5.6,19000,Menahem Golan,James Bruner,Chuck Norris,United States,12000000,17768900,Golan-Globus Productions
A Kid in King Arthur's Court,PG,Adventure,89,1995,1995-08-11,United States,4.7,5800,Michael Gottlieb,Michael Part,Thomas Ian Nicholas,United States,15000000,13406717,Tapestry Films
Woman in Gold,PG-13,Biography,109,2015,2015-04-10,United States,7.3,56000,Simon Curtis,Alexi Kaye Campbell,Helen Mirren,United Kingdom,11000000,61619773,Origin Pictures
Pulse,PG-13,Horror,90,2006,2006-08-11,United States,4.8,28000,Jim Sonzero,Kiyoshi Kurosawa,Kristen Bell,United States,20500000,29907685,Dimension Films
Body Chemistry,R,Drama,84,1990,1990-03-09,United States,4.3,406,Kristine Peterson,Jackson Barr,Marc Singer,United States,NA,2415312,Concorde-New Horizons
Almost You,R,Comedy,96,1984,1985-03-29,United States,5.1,216,Adam Brooks,Adam Brooks,Brooke Adams,United States,1000000,95000,Almost You
The Crocodile Hunter: Collision Course,PG,Action,90,2002,2002-07-12,United States,5.4,6400,John Stainton,John Stainton,Steve Irwin,Australia,12000000,33082548,Metro-Goldwyn-Mayer (MGM)
The Stupids,PG,Adventure,94,1996,1996-08-30,United States,4.2,6500,John Landis,James Marshall,Tom Arnold,United Kingdom,25000000,2491989,Imagine Entertainment
Fast & Furious Presents: Hobbs & Shaw,PG-13,Action,137,2019,2019-08-02,United States,6.4,184000,David Leitch,Chris Morgan,Dwayne Johnson,United States,200000000,759056935,Chris Morgan Productions
Secrets & Lies,R,Comedy,136,1996,1997-02-28,United States,8,39000,Mike Leigh,Mike Leigh,Timothy Spall,United Kingdom,4500000,13417292,Channel Four Films
Kuffs,PG-13,Action,102,1992,1992-01-10,United States,5.9,10000,Bruce A. Evans,Bruce A. Evans,Christian Slater,United States,10000000,21142815,Dino de Laurentiis Communications
"Silent Night, Deadly Night",R,Horror,79,1984,1984-11-09,United States,5.9,14000,Charles E. Sellier Jr.,Paul Caimi,Lilyan Chauvin,United States,1065000,2491460,TriStar Pictures
976-EVIL,R,Comedy,92,1988,1989-03-24,United States,5.1,4900,Robert Englund,Rhet Topham,Stephen Geoffreys,United States,NA,2955917,Cinetel Films
Think Like a Man Too,PG-13,Comedy,106,2014,2014-06-20,United States,5.8,20000,Tim Story,Keith Merryman,Kevin Hart,United States,24000000,70181428,LStar Capital
Nim's Island,PG,Adventure,96,2008,2008-04-04,United States,6,34000,Jennifer Flackett,Joseph Kwong,Jodie Foster,United States,37000000,100104565,Walden Media
Straw Dogs,R,Action,110,2011,2011-09-16,United States,5.8,33000,Rod Lurie,Rod Lurie,James Marsden,United States,25000000,11168712,Screen Gems
Criminal,R,Action,113,2016,2016-04-15,United States,6.3,62000,Ariel Vromen,Douglas Cook,Kevin Costner,United States,31500000,38803993,Summit Entertainment
Casino,R,Crime,178,1995,1995-11-22,United States,8.2,480000,Martin Scorsese,Nicholas Pileggi,Robert De Niro,United States,52000000,116112375,Universal Pictures
Bad Boys II,R,Action,147,2003,2003-07-18,United States,6.6,237000,Michael Bay,George Gallo,Will Smith,United States,130000000,273339556,Columbia Pictures
A Good Day to Die Hard,R,Action,98,2013,2013-02-14,United States,5.3,201000,John Moore,Skip Woods,Bruce Willis,United States,92000000,304654182,Twentieth Century Fox
History of the World: Part I,R,Comedy,92,1981,1981-06-12,United States,6.9,47000,Mel Brooks,Mel Brooks,Mel Brooks,United States,11000000,31672907,Brooksfilms
Jeffrey,R,Comedy,92,1995,1995-08-18,United States,6.8,5900,Christopher Ashley,Paul Rudnick,Steven Weber,United States,NA,3487767,The Booking Office
The Distinguished Gentleman,R,Comedy,112,1992,1992-12-04,United States,5.9,15000,Jonathan Lynn,Marty Kaplan,Eddie Murphy,United States,50000000,46666502,Hollywood Pictures
Sleepers,R,Crime,147,1996,1996-10-18,United States,7.6,202000,Barry Levinson,Lorenzo Carcaterra,Robert De Niro,United States,44000000,165615285,Astoria Films
Beverly Hills Cop III,R,Action,104,1994,1994-05-25,United States,5.6,78000,John Landis,Danilo Bach,Eddie Murphy,United States,50000000,119208989,Paramount Pictures
Downsizing,R,Drama,135,2017,2017-12-22,United States,5.7,102000,Alexander Payne,Alexander Payne,Matt Damon,United States,68000000,55003890,Paramount Pictures
What a Girl Wants,PG,Comedy,105,2003,2003-04-04,United States,5.8,61000,Dennie Gordon,William Douglas-Home,Amanda Bynes,United States,25000000,50732139,Warner Bros.
Shattered,R,Crime,98,1991,1991-10-11,United States,6.5,8900,Wolfgang Petersen,Richard Neely,Tom Berenger,United States,22000000,11511031,Capella International
The Adjustment Bureau,PG-13,Romance,106,2011,2011-03-04,United States,7,248000,George Nolfi,George Nolfi,Matt Damon,United States,50200000,127869379,Universal Pictures
Before Sunrise,R,Drama,101,1995,1995-01-27,United States,8.1,282000,Richard Linklater,Richard Linklater,Ethan Hawke,United States,2500000,5987386,Castle Rock Entertainment
Big Fish,PG-13,Adventure,125,2003,2004-01-09,United States,8,422000,Tim Burton,Daniel Wallace,Ewan McGregor,United States,70000000,123218424,Columbia Pictures
The Iron Lady,PG-13,Biography,105,2011,2012-01-13,United States,6.4,105000,Phyllida Lloyd,Abi Morgan,Meryl Streep,United Kingdom,13000000,115890699,DJ Films
Wall Street: Money Never Sleeps,PG-13,Drama,133,2010,2010-09-24,United States,6.2,100000,Oliver Stone,Allan Loeb,Shia LaBeouf,United States,70000000,134748021,Twentieth Century Fox
The Post,PG-13,Drama,116,2017,2018-01-12,United States,7.2,141000,Steven Spielberg,Liz Hannah,Meryl Streep,United States,50000000,180419231,Twentieth Century Fox
Desert Bloom,PG,Drama,105,1986,1986-04-18,United States,6.6,937,Eugene Corr,Linda Remy,Jon Voight,United States,NA,416393,Carson Productions
Going Berserk,R,Comedy,85,1983,1983-09-30,United States,5.2,1700,David Steinberg,Dana Olsen,John Candy,Canada,NA,NA,Les Productions Mutuelles Ltée
Chasing Papi,PG,Comedy,80,2003,2003-04-16,United States,4.8,4000,Linda Mendoza,Laura Angelica Simon,Eduardo Verástegui,United States,NA,12661189,Fox 2000 Pictures
Foxcatcher,R,Biography,134,2014,2015-01-16,United States,7,137000,Bennett Miller,E. Max Frye,Steve Carell,United States,24000000,19206513,Annapurna Pictures
Heaven and Earth,PG-13,Action,125,1990,1991-02-08,United States,7,958,Haruki Kadokawa,Haruki Kadokawa,Takaaki Enoki,Japan,42000000,NA,Haruki Kadokawa Films
Only the Brave,PG-13,Action,134,2017,2017-10-20,United States,7.6,62000,Joseph Kosinski,Sean Flynn,Josh Brolin,United States,38000000,26351322,Columbia Pictures
Enigma,R,Drama,119,2001,2002-06-07,United States,6.4,20000,Michael Apted,Robert Harris,Dougray Scott,United Kingdom,NA,15713204,Manhattan Pictures International
Annie,PG,Comedy,127,1982,1982-06-18,United States,6.6,41000,John Huston,Carol Sobieski,Aileen Quinn,United States,50000000,57063861,Columbia Pictures
Sausage Party,R,Animation,89,2016,2016-08-12,United States,6.1,181000,Greg Tiernan,Kyle Hunter,Seth Rogen,United States,19000000,140705322,Annapurna Pictures
Explorers,PG,Adventure,109,1985,1985-07-12,United States,6.5,20000,Joe Dante,Eric Luke,Ethan Hawke,United States,25000000,9873044,Paramount Pictures
Big,PG,Comedy,104,1988,1988-06-03,United States,7.3,205000,Penny Marshall,Gary Ross,Tom Hanks,United States,18000000,151927281,American Entertainment Partners II L.P.
Muppet Treasure Island,G,Action,99,1996,1996-02-16,United States,7,22000,Brian Henson,Robert Louis Stevenson,Tim Curry,United States,NA,34327391,Walt Disney Pictures
Crawl,R,Action,87,2019,2019-07-12,United States,6.1,74000,Alexandre Aja,Michael Rasmussen,Kaya Scodelario,United States,13500000,91542097,Paramount Pictures
Knives Out,PG-13,Comedy,130,2019,2019-11-27,United States,7.9,505000,Rian Johnson,Rian Johnson,Daniel Craig,United States,40000000,311539397,Lionsgate
Death Wish 4: The Crackdown,R,Action,99,1987,1987-11-06,United States,5.4,9100,J. Lee Thompson,Brian Garfield,Charles Bronson,United States,5000000,6880310,Golan-Globus Productions
Dave,PG-13,Comedy,110,1993,1993-05-07,United States,6.8,50000,Ivan Reitman,Gary Ross,Kevin Kline,United States,28000000,63270710,Warner Bros.
Out of Africa,PG,Biography,161,1985,1985-12-20,United States,7.2,75000,Sydney Pollack,Karen Blixen,Meryl Streep,United States,31000000,227514205,Mirage Enterprises
Oscar,PG,Comedy,109,1991,1991-04-26,United States,6.5,30000,John Landis,Claude Magnier,Sylvester Stallone,United States,35000000,23562716,Joseph S. Vecchio Entertainment
Stepmom,PG-13,Comedy,125,1998,1998-12-25,United States,6.8,63000,Chris Columbus,Gigi Levangie,Julia Roberts,United States,50000000,159710793,TriStar Pictures
Iron Man,PG-13,Action,126,2008,2008-05-02,United States,7.9,969000,Jon Favreau,Mark Fergus,Robert Downey Jr.,United States,140000000,585796247,Paramount Pictures
Dead Poets Society,PG,Comedy,128,1989,1989-06-09,United States,8.1,442000,Peter Weir,Tom Schulman,Robin Williams,United States,16400000,235860116,Touchstone Pictures
Whispers in the Dark,R,Drama,103,1992,1992-08-07,United States,5.6,2000,Christopher Crowe,Christopher Crowe,Annabella Sciorra,United States,18000000,11124511,Paramount Pictures
The Fan,R,Action,116,1996,1996-08-16,United States,5.9,47000,Tony Scott,Peter Abrahams,Robert De Niro,United States,55000000,18626419,TriStar Pictures
"Girl, Interrupted",R,Biography,127,1999,2000-01-14,United States,7.3,169000,James Mangold,Susanna Kaysen,Winona Ryder,Germany,40000000,48350205,Columbia Pictures
"My People, My Country",NA,Drama,154,2019,2019-10-01,United States,6.5,1500,Directors,Hu Guan,Bo Huang,China,NA,450064993,Alibaba Pictures
Catwoman,PG-13,Action,104,2004,2004-07-23,United States,3.4,113000,Pitof,Bob Kane,Halle Berry,United States,100000000,82102379,Warner Bros.
The Scout,PG-13,Comedy,101,1994,1994-09-30,United States,5.4,6000,Michael Ritchie,Roger Angell,Albert Brooks,United States,NA,2694234,Santo Domingo Film & Music Video
Turbulence,R,Action,100,1997,1997-01-10,United States,4.9,11000,Robert Butler,Jonathan Brett,Ray Liotta,United States,55000000,11538235,Rysher Entertainment
Saving Silverman,PG-13,Comedy,90,2001,2001-02-09,United States,5.9,39000,Dennis Dugan,Hank Nelken,Jason Biggs,United States,22000000,26086706,Columbia Pictures
48 Hrs.,R,Action,96,1982,1982-12-08,United States,6.9,73000,Walter Hill,Roger Spottiswoode,Nick Nolte,United States,12000000,78868508,Paramount Pictures
Walker,R,Biography,94,1987,1987-12-04,United States,6.6,3300,Alex Cox,Rudy Wurlitzer,Ed Harris,United States,5800000,NA,In-Cine Compañía Industrial Cinematográfica
Happy Death Day 2U,PG-13,Comedy,100,2019,2019-02-13,United States,6.2,64000,Christopher Landon,Christopher Landon,Jessica Rothe,United States,9000000,64600152,Blumhouse Productions
Their Finest,R,Comedy,117,2016,2017-04-07,United States,6.8,19000,Lone Scherfig,Lissa Evans,Gemma Arterton,United Kingdom,NA,12597262,BBC Films
Innerspace,PG,Action,120,1987,1987-07-01,United States,6.8,56000,Joe Dante,Chip Proser,Dennis Quaid,United States,27000000,25893810,Warner Bros.
Toy Story 3,G,Animation,103,2010,2010-06-18,United States,8.2,776000,Lee Unkrich,John Lasseter,Tom Hanks,United States,200000000,1066970811,Walt Disney Pictures
The Secret World of Arrietty,G,Animation,94,2010,2012-02-17,United States,7.6,85000,Hiromasa Yonebayashi,Mary Norton,Amy Poehler,Japan,23000000,149411550,Studio Ghibli
Lady Bird,R,Comedy,94,2017,2017-12-01,United States,7.4,254000,Greta Gerwig,Greta Gerwig,Saoirse Ronan,United States,10000000,78966486,IAC Films
Breakin',PG,Comedy,90,1984,1984-05-04,United States,5.8,6000,Joel Silberg,Charles Parker,Lucinda Dickey,United States,NA,38682707,Golan-Globus Productions
Last Exit to Brooklyn,R,Drama,102,1989,1990-05-04,United States,6.8,5900,Uli Edel,Hubert Selby Jr.,Jennifer Jason Leigh,United Kingdom,NA,1730005,Allied Filmmakers
I Am Fear,Not Rated,Horror,87,2020,2020-03-03,United States,3.4,447,Kevin Shulman,Kevin Shulman,Kristina Klebe,United States,NA,13266,Roxwell Films
Not of This Earth,R,Comedy,81,1988,1988-05-20,United States,4.9,2200,Jim Wynorski,R.J. Robertson,Traci Lords,United States,210000,NA,Miracle Pictures
All Night Long,R,Comedy,87,1981,1981-03-06,United States,5.5,1700,Jean-Claude Tramont,W.D. Richter,Gene Hackman,United States,14000000,4454295,Universal Pictures
The Unborn,R,Drama,83,1991,1991-03-29,United States,4.6,1100,Rodman Flender,John Brancato,Brooke Adams,United States,NA,1159578,Califilm
A Dog's Journey,PG,Adventure,109,2019,2019-05-17,United States,7.5,21000,Gail Mancuso,W. Bruce Cameron,Josh Gad,China,16000000,75741734,Dreamworks Pictures
Paul,R,Adventure,104,2011,2011-03-18,United States,7,240000,Greg Mottola,Simon Pegg,Simon Pegg,United States,40000000,97984015,Universal Pictures
How Stella Got Her Groove Back,R,Comedy,124,1998,1998-08-14,United States,5.7,7100,Kevin Rodney Sullivan,Terry McMillan,Angela Bassett,United States,20000000,39278722,Twentieth Century Fox
Weekend Pass,R,Comedy,88,1984,1984-02-03,United States,3.8,424,Lawrence Bassoff,Lawrence Bassoff,Patrick Houser,United States,NA,21058033,Marimark Productions
A Life Less Ordinary,R,Comedy,103,1997,1997-10-24,United States,6.4,35000,Danny Boyle,John Hodge,Cameron Diaz,United Kingdom,12000000,4366722,Channel Four Films
The Order,R,Horror,102,2003,2003-09-05,United States,5.2,17000,Brian Helgeland,Brian Helgeland,Heath Ledger,United States,38000000,11560806,Twentieth Century Fox
Prancer,G,Drama,103,1989,1989-11-17,United States,6.4,4800,John D. Hancock,Greg Taylor,Sam Elliott,United States,NA,18587135,Cineplex Odeon Films
It Runs in the Family,PG-13,Comedy,109,2003,2003-04-25,United States,5.6,4700,Fred Schepisi,Jesse Wigutow,Kirk Douglas,United States,NA,8211508,Buena Vista International
Impostor,PG-13,Drama,95,2001,2002-01-04,United States,6.2,23000,Gary Fleder,Philip K. Dick,Shane Brolly,United States,30000000,8694320,Dimension Films
Memoir of a Murderer,Not Rated,Action,118,2017,2017-09-08,United States,7.2,7300,Shin-yeon Won,Jo-yun Hwang,Sol Kyung-gu,South Korea,NA,19015346,Green Fish Pictures
D.A.R.Y.L.,PG,Family,99,1985,1985-06-14,United States,6.3,12000,Simon Wincer,David Ambrose,Mary Beth Hurt,United Kingdom,NA,7840873,Paramount Pictures
"Yours, Mine & Ours",PG,Comedy,88,2005,2005-11-23,United States,5.5,27000,Raja Gosnell,Ron Burch,Dennis Quaid,United States,45000000,72662923,Paramount Pictures
The Rocketeer,PG,Action,108,1991,1991-06-21,United States,6.5,55000,Joe Johnston,Dave Stevens,Billy Campbell,United States,35000000,46704056,Walt Disney Pictures
Kids,NC-17,Drama,91,1995,1995-09-01,United States,7.1,75000,Larry Clark,Harmony Korine,Leo Fitzpatrick,United States,1500000,7412216,Guys Upstairs
Clown,R,Horror,100,2014,2016-06-17,United States,5.7,23000,Jon Watts,Christopher Ford,Andy Powers,United States,1500000,4381603,Cross Creek Pictures
The Adventures of Huck Finn,PG,Adventure,108,1993,1993-04-02,United States,6.2,8000,Stephen Sommers,Mark Twain,Elijah Wood,United States,6500000,24103594,Steve White Productions
Gold,R,Crime,120,2016,2017-01-27,United States,6.7,60000,Stephen Gaghan,Patrick Massett,Matthew McConaughey,United States,20000000,14880939,Black Bear Pictures
Fort Apache the Bronx,R,Crime,125,1981,1981-02-06,United States,6.7,5800,Daniel Petrie,Heywood Gould,Paul Newman,United States,NA,29200000,Time Life Films
A Cinderella Story,PG,Comedy,95,2004,2004-07-16,United States,5.9,83000,Mark Rosman,Leigh Dunlap,Hilary Duff,United States,19000000,70067909,Warner Bros.
CrissCross,R,Crime,100,1992,1992-05-08,United States,5.8,1800,Chris Menges,Scott Sommer,Goldie Hawn,United States,14000000,3052738,Hawn / Sylbert Movie Company
Robot Jox,PG,Action,85,1989,1990-11-21,United States,5.4,6000,Stuart Gordon,Stuart Gordon,Gary Graham,United States,10000000,1272977,Empire Pictures
Bhaag Milkha Bhaag,Not Rated,Biography,186,2013,2013-07-12,United States,8.2,63000,Rakeysh Omprakash Mehra,Prasoon Joshi,Farhan Akhtar,India,NA,17551296,Rakeysh Omprakash Mehra Pictures
29th Street,R,Comedy,101,1991,1991-11-01,United States,7.3,2700,George Gallo,Frank Pesce,Anthony LaPaglia,Japan,NA,2120564,JVC Entertainment Networks
Endless Love,PG-13,Drama,104,2014,2014-02-14,United States,6.3,42000,Shana Feste,Shana Feste,Gabriella Wilde,United States,20000000,34718173,Bluegrass Films
The Wackness,R,Comedy,99,2008,2008-08-01,United States,7,30000,Jonathan Levine,Jonathan Levine,Josh Peck,United Kingdom,6000000,3175469,Occupant Entertainment
City Slickers,PG-13,Comedy,113,1991,1991-06-07,United States,6.8,51000,Ron Underwood,Lowell Ganz,Billy Crystal,United States,27000000,179033791,Castle Rock Entertainment
Brain Dead,R,Horror,85,1990,1990-01-19,United States,6,4100,Adam Simon,Charles Beaumont,Bill Pullman,United States,2000000,1627955,Concorde Pictures
Hereafter,PG-13,Drama,129,2010,2010-10-22,United States,6.4,91000,Clint Eastwood,Peter Morgan,Matt Damon,United States,50000000,106956330,Warner Bros.
Thelma & Louise,R,Adventure,130,1991,1991-05-24,United States,7.5,142000,Ridley Scott,Callie Khouri,Susan Sarandon,United States,16500000,45456285,Pathé Entertainment
Certified Copy,Not Rated,Drama,106,2010,2011-03-25,United States,7.3,22000,Abbas Kiarostami,Abbas Kiarostami,Juliette Binoche,France,NA,7736632,MK2 Productions
Mother!,R,Drama,121,2017,2017-09-15,United States,6.6,200000,Darren Aronofsky,Darren Aronofsky,Jennifer Lawrence,United States,30000000,44516999,Paramount Pictures
About Time,R,Comedy,123,2013,2013-11-08,United States,7.8,317000,Richard Curtis,Richard Curtis,Domhnall Gleeson,United Kingdom,12000000,87100449,Translux
My Hero Academia: Two Heroes,PG-13,Animation,96,2018,2018-09-25,United States,7.5,8000,Kenji Nagasaki,Kôhei Horikoshi,Daiki Yamashita,Japan,NA,21022724,Bones
Year of the Comet,PG-13,Action,91,1992,1992-04-24,United States,5.8,1500,Peter Yates,William Goldman,Penelope Ann Miller,United States,NA,2791515,Castle Rock Entertainment
Edward Scissorhands,PG-13,Drama,105,1990,1990-12-14,United States,7.9,456000,Tim Burton,Tim Burton,Johnny Depp,United States,20000000,86024005,Twentieth Century Fox
Coffee and Cigarettes,R,Comedy,95,2003,2004-06-11,United States,7.1,61000,Jim Jarmusch,Jim Jarmusch,Bill Murray,United States,NA,7929307,Asmik Ace Entertainment
Second Sight,PG,Comedy,83,1989,1989-11-03,United States,4.4,1300,Joel Zwick,Tom Schulman,John Larroquette,United States,NA,5368865,Lorimar Film Entertainment
Missing Link,PG,Animation,93,2019,2019-04-12,United States,6.7,23000,Chris Butler,Chris Butler,Hugh Jackman,Canada,100000000,26565710,Annapurna Pictures
Bloodhounds of Broadway,PG,Comedy,93,1989,1989-11-03,United States,5.5,1200,Howard Brookner,Howard Brookner,Josef Sommer,United States,4000000,43671,American Playhouse Theatrical Films
Mr. Nanny,PG,Action,84,1993,1993-10-08,United States,3.8,8900,Michael Gottlieb,Edward Rugoff,Hulk Hogan,United States,10000000,4348572,New Line Cinema
Awake,R,Crime,84,2007,2007-11-30,United States,6.5,73000,Joby Harold,Joby Harold,Hayden Christensen,United States,8600000,32730062,The Weinstein Company
Maximum Overdrive,R,Action,98,1986,1986-07-25,United States,5.5,31000,Stephen King,Stephen King,Emilio Estevez,United States,10000000,7433663,De Laurentiis Entertainment Group (DEG)
Leviathan,R,Adventure,98,1989,1989-03-17,United States,5.8,19000,George P. Cosmatos,David Webb Peoples,Peter Weller,United States,25000000,15704614,Filmauro
Warlock: The Armageddon,R,Action,98,1993,1993-09-24,United States,5.4,5700,Anthony Hickox,Kevin Rock,Julian Sands,United States,3000000,3902679,Trimark Pictures
BloodRayne,R,Action,95,2005,2006-01-06,United States,2.9,34000,Uwe Boll,Guinevere Turner,Kristanna Loken,Germany,25000000,3650275,Boll Kino Beteiligungs GmbH & Co. KG
Oliver & Company,G,Animation,74,1988,1988-11-18,United States,6.7,45000,George Scribner,Jim Cox,Joey Lawrence,United States,31000000,74151346,Walt Disney Animation Studios
The Boyfriend School,PG-13,Comedy,101,1990,1990-09-21,United States,5.8,2600,Malcolm Mowbray,Sarah Bird,Steve Guttenberg,United Kingdom,6700000,1171762,Hemdale
Bound,R,Crime,109,1996,1996-10-04,United States,7.3,52000,Lana Wachowski,Lilly Wachowski,Jennifer Tilly,United States,4500000,3802260,Dino De Laurentiis Company
Straight Talk,PG,Comedy,91,1992,1992-04-03,United States,5.8,3500,Barnet Kellman,Craig Bolotin,Dolly Parton,United States,NA,21202099,Hollywood Pictures
Phenomenon,PG,Drama,123,1996,1996-07-03,United States,6.4,76000,Jon Turteltaub,Gerald Di Pego,John Travolta,United States,32000000,152036382,Touchstone Pictures
Inventing the Abbotts,R,Drama,110,1997,1997-04-04,United States,6.4,12000,Pat O'Connor,Sue Miller,Liv Tyler,United States,NA,5936344,Fox 2000 Pictures
A Time to Kill,R,Crime,149,1996,1996-07-24,United States,7.5,138000,Joel Schumacher,John Grisham,Matthew McConaughey,United States,40000000,152266007,New Regency Productions
Point of No Return,R,Action,109,1993,1993-03-19,United States,6.1,26000,John Badham,Luc Besson,Bridget Fonda,United States,NA,30038362,Warner Bros.
Saving Private Ryan,R,Drama,169,1998,1998-07-24,United States,8.6,1300000,Steven Spielberg,Robert Rodat,Tom Hanks,United States,70000000,482349603,Dreamworks Pictures
Fathers' Day,PG-13,Comedy,98,1997,1997-05-09,United States,5.3,15000,Ivan Reitman,Francis Veber,Robin Williams,United States,85000000,28598376,Northern Lights Entertainment
Baby: Secret of the Lost Legend,PG,Adventure,95,1985,1985-03-22,United States,5.1,3100,Bill Norton,Clifford Green,William Katt,United States,NA,14972297,Silver Screen Partners II
Six Degrees of Separation,R,Comedy,112,1993,1993-12-08,United States,6.8,20000,Fred Schepisi,John Guare,Will Smith,United States,12000000,6405918,Metro-Goldwyn-Mayer (MGM)
Vampires Suck,PG-13,Comedy,82,2010,2010-08-18,United States,3.4,47000,Jason Friedberg,Jason Friedberg,Jenn Proske,United States,20000000,80547866,New Regency Productions
A Most Wanted Man,R,Crime,122,2014,2014-08-01,United States,6.8,74000,Anton Corbijn,Andrew Bovell,Philip Seymour Hoffman,United Kingdom,15000000,36233517,Lionsgate
Overlord,R,Action,110,2018,2018-11-09,United States,6.6,91000,Julius Avery,Billy Ray,Jovan Adepo,United States,38000000,41657844,Bad Robot
Gallipoli,PG,Adventure,110,1981,1981-08-28,United States,7.4,38000,Peter Weir,David Williamson,Mel Gibson,Australia,NA,5732587,R&R Films
Harry Potter and the Half-Blood Prince,PG,Action,153,2009,2009-07-15,United States,7.6,492000,David Yates,Steve Kloves,Daniel Radcliffe,United Kingdom,250000000,934454096,Warner Bros.
Home on the Range,PG,Animation,76,2004,2004-04-02,United States,5.4,21000,Will Finn,Will Finn,Judi Dench,United States,110000000,145358062,Walt Disney Pictures
The Pope of Greenwich Village,R,Action,121,1984,1984-06-22,United States,6.7,8000,Stuart Rosenberg,Vincent Patrick,Eric Roberts,United States,8000000,6836201,United Artists
The Great Beauty,Not Rated,Drama,141,2013,2014-03-14,United States,7.8,83000,Paolo Sorrentino,Paolo Sorrentino,Toni Servillo,Italy,NA,24665023,Indigo Film
Take the Lead,PG-13,Drama,118,2006,2006-04-07,United States,6.6,25000,Liz Friedlander,Dianne Houston,Antonio Banderas,United States,30000000,66500090,New Line Cinema
90 Minutes in Heaven,PG-13,Drama,121,2015,2015-09-11,United States,4.8,3500,Michael Polish,Michael Polish,Kate Bosworth,United States,5000000,4842699,Astute Films
The Little Mermaid,G,Animation,83,1989,1989-11-17,United States,7.6,244000,Ron Clements,John Musker,Jodi Benson,United States,40000000,211343479,Walt Disney Pictures
The Human Centipede (First Sequence),R,Horror,92,2009,2010-04-28,United States,4.4,75000,Tom Six,Tom Six,Dieter Laser,Netherlands,NA,325113,Six Entertainment
The Inkwell,R,Comedy,110,1994,1994-04-22,United States,6.4,1400,Matty Rich,Trey Ellis,Larenz Tate,United States,NA,8880705,Touchstone Pictures
Ninja Assassin,R,Action,99,2009,2009-11-25,United States,6.3,70000,James McTeigue,Matthew Sand,Rain,Germany,40000000,61601280,Warner Bros.
Where Angels Fear to Tread,PG,Drama,116,1991,1992-02-28,United States,6.4,2100,Charles Sturridge,E.M. Forster,Helena Bonham Carter,United Kingdom,NA,1403033,Sovereign Pictures
Deuce Bigalow: Male Gigolo,R,Comedy,88,1999,1999-12-10,United States,5.7,72000,Mike Mitchell,Harris Goldberg,Rob Schneider,United States,17000000,92938755,Happy Madison Productions
House of Cards,PG-13,Drama,109,1993,1993-06-25,United States,6.2,2600,Michael Lessac,Michael Lessac,Kathleen Turner,Italy,NA,322871,A&M Films
Cross My Heart,R,Comedy,90,1987,1987-11-13,United States,5.7,999,Armyan Bernstein,Armyan Bernstein,Martin Short,United States,NA,1025762,Northern
High Fidelity,R,Comedy,113,2000,2000-03-31,United States,7.5,172000,Stephen Frears,Nick Hornby,John Cusack,United Kingdom,30000000,47126295,Touchstone Pictures
We Own the Night,R,Action,117,2007,2007-10-12,United States,6.8,86000,James Gray,James Gray,Joaquin Phoenix,United States,21000000,55033767,Columbia Pictures
Skyline,PG-13,Action,92,2010,2010-11-12,United States,4.4,88000,Colin Strause,Joshua Cordes,Eric Balfour,United States,10000000,66984887,Rogue Pictures
Venom,R,Horror,92,1981,1982-01-29,United States,5.8,2600,Piers Haggard,Alan Scholefield,Klaus Kinski,United Kingdom,NA,5229643,Morison Film Group
Liberty Heights,R,Comedy,127,1999,1999-12-31,United States,7,6500,Barry Levinson,Barry Levinson,Adrien Brody,United States,NA,3736868,Baltimore Pictures
Anguish,R,Horror,89,1987,1988-01-08,United States,6.7,3500,Bigas Luna,Bigas Luna,Zelda Rubinstein,Spain,NA,NA,Luna Films
Deuces Wild,R,Action,96,2002,2002-05-03,United States,5.6,7100,Scott Kalvert,Paul Kimatian,Stephen Dorff,United States,10000000,6282446,CineWild
Cheetah,G,Adventure,83,1989,1989-08-18,United States,6,943,Jeff Blyth,Alan Caillou,Keith Coogan,United States,5000000,8153677,Silver Screen Partners III
Mrs. Parker and the Vicious Circle,R,Biography,125,1994,1994-11-23,United States,6.4,4300,Alan Rudolph,Alan Rudolph,Jennifer Jason Leigh,United States,7000000,2144667,Fine Line Features
The Fly II,R,Drama,105,1989,1989-02-10,United States,5.1,22000,Chris Walas,Mick Garris,Eric Stoltz,United States,NA,38903179,Brooksfilms
Fear,R,Drama,97,1996,1996-04-12,United States,6.2,44000,James Foley,Christopher Crowe,Mark Wahlberg,United States,NA,20831000,Imagine Entertainment
My Boyfriend's Back,PG-13,Comedy,85,1993,1993-08-06,United States,5.4,4300,Bob Balaban,Dean Lorey,Andrew Lowery,United States,12000000,3335984,Touchstone Pictures
P.O.W. the Escape,R,Action,90,1986,1986-04-04,United States,5,533,Gideon Amir,Malcolm Barbour,David Carradine,United States,NA,2497233,NA
Chasing the Dragon II: Wild Wild Bunch,Not Rated,Action,101,2019,2019-06-07,United States,5.8,523,Jason Kwan,Koon-Nam Lui,Tony Ka Fai Leung,China,NA,45738461,Bona Film Group
Terminator Genisys,PG-13,Action,126,2015,2015-07-01,United States,6.3,264000,Alan Taylor,Laeta Kalogridis,Arnold Schwarzenegger,United States,155000000,440603537,Paramount Pictures
Murphy's Romance,PG-13,Comedy,107,1985,1986-01-31,United States,7,5600,Martin Ritt,Max Schott,Sally Field,United States,13000000,30867525,Columbia Pictures
Dead Man Walking,R,Crime,122,1995,1996-02-02,United States,7.5,90000,Tim Robbins,Helen Prejean,Susan Sarandon,United Kingdom,11000000,39363635,Havoc
Son of the Mask,PG,Comedy,94,2005,2005-02-18,United States,2.2,53000,Lawrence Guterman,Lance Khazei,Jamie Kennedy,United States,84000000,59981548,New Line Cinema
Friday Night Lights,PG-13,Action,118,2004,2004-10-08,United States,7.2,60000,Peter Berg,Buzz Bissinger,Billy Bob Thornton,Germany,30000000,61950770,Universal Pictures
A Home of Our Own,PG,Biography,104,1993,1993-11-05,United States,7.1,3000,Tony Bill,Patrick Sheane Duncan,Kathy Bates,United States,12000000,1677807,A&M Films
Cattle Annie and Little Britches,PG,Drama,97,1980,1981-04-24,United States,6.1,604,Lamont Johnson,David Eyre,Scott Glenn,United States,5100000,534816,Cattle Annie Productions
Frantic,R,Crime,120,1988,1988-02-26,United States,6.9,51000,Roman Polanski,Roman Polanski,Harrison Ford,France,20000000,17637950,Warner Bros.
Tommy Boy,PG-13,Adventure,97,1995,1995-03-31,United States,7.1,79000,Peter Segal,Bonnie Turner,Chris Farley,United States,NA,32679899,Broadway Pictures
True Confessions,R,Crime,108,1981,1981-09-25,United States,6.3,7500,Ulu Grosbard,John Gregory Dunne,Robert De Niro,United States,10000000,12850276,Chartoff-Winkler Productions
The Tailor of Panama,R,Comedy,109,2001,2001-03-30,United States,6.2,28000,John Boorman,John le Carré,Pierce Brosnan,United States,21000000,28008462,Columbia Pictures
Fantastic Four,PG-13,Action,100,2015,2015-08-07,United States,4.2,156000,Josh Trank,Jeremy Slater,Miles Teller,United States,120000000,167882881,Twentieth Century Fox
Bad Teacher,R,Comedy,92,2011,2011-06-24,United States,5.6,196000,Jake Kasdan,Gene Stupnitsky,Cameron Diaz,United States,20000000,216197492,Columbia Pictures
The Wedding Date,PG-13,Comedy,90,2005,2005-02-04,United States,6.2,50000,Clare Kilner,Elizabeth Young,Dermot Mulroney,United States,15000000,47096206,Gold Circle Films
Mars Attacks!,PG-13,Comedy,106,1996,1996-12-13,United States,6.3,214000,Tim Burton,Len Brown,Jack Nicholson,United States,70000000,101371017,Tim Burton Productions
Perfect,R,Drama,115,1985,1985-06-07,United States,4.5,4800,James Bridges,Aaron Latham,John Travolta,United States,19000000,12918858,Columbia Pictures
Houseguest,PG,Comedy,113,1995,1995-01-06,United States,6,6600,Randall Miller,Michael J. Di Gaetano,Sinbad,United States,10500000,26325256,Hollywood Pictures
Talk Radio,R,Drama,110,1988,1989-01-13,United States,7.3,13000,Oliver Stone,Stephen Singular,Eric Bogosian,United States,4000000,3468572,Cineplex Odeon Films
Never Cry Wolf,PG,Adventure,105,1983,1984-01-27,United States,7.5,7800,Carroll Ballard,Farley Mowat,Charles Martin Smith,United States,NA,29600000,Walt Disney Pictures
The Walk,PG,Action,123,2015,2015-10-09,United States,7.3,123000,Robert Zemeckis,Robert Zemeckis,Joseph Gordon-Levitt,United States,35000000,61181942,Sony Pictures Entertainment (SPE)
The Night Flier,R,Fantasy,94,1997,1998-02-06,United States,6,9900,Mark Pavia,Stephen King,Miguel Ferrer,United States,1000000,125397,New Amsterdam Entertainment
Shadow of the Wolf,PG-13,Adventure,112,1992,1993-03-05,United States,5.7,876,Jacques Dorfmann,Jacques Dorfmann,Lou Diamond Phillips,France,NA,1434174,Vision International
"The Goods: Live Hard, Sell Hard",R,Comedy,89,2009,2009-08-14,United States,5.8,21000,Neal Brennan,Andy Stock,Jeremy Piven,United States,10000000,15300885,Paramount Vantage
The Hills Have Eyes,R,Horror,107,2006,2006-03-10,United States,6.4,162000,Alexandre Aja,Wes Craven,Ted Levine,United States,15000000,70009308,Craven-Maddalena Films
The Mist,R,Horror,126,2007,2007-11-21,United States,7.1,287000,Frank Darabont,Frank Darabont,Thomas Jane,United States,18000000,57470220,Dimension Films
Indiana Jones and the Last Crusade,PG-13,Action,127,1989,1989-05-24,United States,8.2,707000,Steven Spielberg,Jeffrey Boam,Harrison Ford,United States,48000000,474171806,Paramount Pictures
Billy Bathgate,R,Crime,106,1991,1991-11-01,United States,5.9,11000,Robert Benton,E.L. Doctorow,Dustin Hoffman,United States,48000000,15565363,Touchstone Pictures
Miller's Crossing,R,Crime,115,1990,1990-10-05,United States,7.7,128000,Joel Coen,Joel Coen,Gabriel Byrne,United States,14000000,5080409,Circle Films
The Rules of Attraction,R,Comedy,110,2002,2002-10-11,United States,6.6,50000,Roger Avary,Bret Easton Ellis,James Van Der Beek,United States,4000000,11832822,Kingsgate Films
Chocolat,PG-13,Drama,121,2000,2001-01-19,United States,7.2,181000,Lasse Hallström,Joanne Harris,Juliette Binoche,United Kingdom,25000000,152699976,Miramax
Six-String Samurai,PG-13,Action,91,1998,1998-09-18,United States,6.6,7000,Lance Mungia,Jeffrey Falcon,Jeffrey Falcon,United States,2000000,146125,HSX Films
Rounders,R,Crime,121,1998,1998-09-11,United States,7.3,144000,John Dahl,David Levien,Matt Damon,United States,12000000,22912409,Miramax
Personal Shopper,R,Drama,105,2016,2017-03-10,United States,6.1,37000,Olivier Assayas,Olivier Assayas,Kristen Stewart,France,6000000,2840408,CG Cinéma
The State of Things,NA,Drama,121,1982,1983-02-18,United States,7,3000,Wim Wenders,Robert Kramer,Allen Garfield,West Germany,NA,3700,Gray City
War of the Worlds,PG-13,Adventure,116,2005,2005-06-29,United States,6.5,424000,Steven Spielberg,Josh Friedman,Tom Cruise,United States,132000000,603873119,Paramount Pictures
Cure,Not Rated,Crime,111,1997,2001-07-08,United States,7.4,12000,Kiyoshi Kurosawa,Kiyoshi Kurosawa,Masato Hagiwara,Japan,NA,NA,Daiei Studios
Bridge of Spies,PG-13,Drama,142,2015,2015-10-16,United States,7.6,295000,Steven Spielberg,Matt Charman,Tom Hanks,United States,40000000,165478348,Dreamworks Pictures
Final Destination 2,R,Horror,90,2003,2003-01-31,United States,6.2,156000,David R. Ellis,J. Mackye Gruber,A.J. Cook,United States,26000000,90941129,New Line Cinema
All the Right Moves,R,Drama,91,1983,1983-10-21,United States,5.9,16000,Michael Chapman,Michael Kane,Tom Cruise,United States,5600000,17233166,Lucille Ball Productions
Prelude to a Kiss,PG-13,Comedy,105,1992,1992-07-10,United States,5.6,7700,Norman René,Craig Lucas,Meg Ryan,United States,NA,22697691,Gruskoff/Levy Company
Flashdance,R,Drama,95,1983,1983-04-15,United States,6.2,50000,Adrian Lyne,Thomas Hedley Jr.,Jennifer Beals,United States,4000000,92921203,Paramount Pictures
Shutter,PG-13,Horror,85,2008,2008-03-21,United States,5.2,33000,Masayuki Ochiai,Luke Dawson,Joshua Jackson,United States,8000000,48555306,New Regency Productions
Jaws 3-D,PG,Adventure,99,1983,1983-07-22,United States,3.7,41000,Joe Alves,Peter Benchley,Dennis Quaid,United States,20500000,87987055,Universal Pictures
High Road to China,PG,Adventure,105,1983,1983-03-18,United States,6.1,5100,Brian G. Hutton,Jon Cleary,Tom Selleck,United States,19000000,28445927,City Films
The Way of the Gun,R,Action,119,2000,2000-09-08,United States,6.7,32000,Christopher McQuarrie,Christopher McQuarrie,Ryan Phillippe,United States,8500000,13200972,Artisan Entertainment
Renaissance Man,PG-13,Comedy,128,1994,1994-06-03,United States,6.2,17000,Penny Marshall,Jim Burnstein,Danny DeVito,United States,40000000,24332324,Cinergi Pictures Entertainment
Lucky Numbers,R,Comedy,105,2000,2000-10-27,United States,5,9900,Nora Ephron,Adam Resnick,John Travolta,France,63000000,10890222,Paramount Pictures
Dungeons & Dragons,PG-13,Action,107,2000,2000-12-08,United States,3.7,32000,Courtney Solomon,Topper Lilien,Justin Whalin,United States,45000000,33978694,New Line Cinema
Cocoon: the Return,PG,Adventure,116,1988,1988-11-23,United States,5.4,16000,Daniel Petrie,David Saperstein,Don Ameche,United States,17500000,25024919,Zanuck/Brown Productions
Hollow Man,R,Action,112,2000,2000-08-04,United States,5.8,126000,Paul Verhoeven,Gary Scott Thompson,Kevin Bacon,United States,95000000,190213455,Columbia Pictures
The Other Side of Heaven 2: Fire of Faith,PG-13,Adventure,117,2019,2019-06-28,United States,5.6,336,Mitch Davis,Mitch Davis,Christopher Gorham,United States,NA,1807216,Kolipoki Pictures
Sugar Hill,R,Crime,123,1993,1994-02-25,United States,5.9,4300,Leon Ichaso,Barry Michael Cooper,Wesley Snipes,United States,10000000,18225518,Beacon Communications
Shark Night,PG-13,Horror,90,2011,2011-09-02,United States,4,25000,David R. Ellis,Will Hayes,Sara Paxton,United States,25000000,41363927,Incentive Filmed Entertainment
Overboard,PG,Comedy,112,1987,1987-12-16,United States,6.9,55000,Garry Marshall,Leslie Dixon,Goldie Hawn,United States,22000000,26713187,Metro-Goldwyn-Mayer (MGM)
Sahara,PG-13,Action,124,2005,2005-04-08,United States,6,94000,Breck Eisner,Clive Cussler,Matthew McConaughey,United Kingdom,130000000,119240351,Paramount Pictures
The Soloist,PG-13,Biography,117,2009,2009-04-24,United States,6.7,52000,Joe Wright,Susannah Grant,Jamie Foxx,United Kingdom,60000000,38332994,Dreamworks Pictures
Replicas,PG-13,Drama,107,2018,2019-01-11,United States,5.5,34000,Jeffrey Nachmanoff,Chad St. John,Keanu Reeves,United Kingdom,30000000,9330075,Company Films
American Animals,R,Biography,116,2018,2018-08-14,United States,7,41000,Bart Layton,Bart Layton,Spencer Reinhard,United Kingdom,NA,4080073,Film4
Krull,PG,Action,121,1983,1983-07-29,United States,6.1,31000,Peter Yates,Stanford Sherman,Ken Marshall,United Kingdom,47000000,16916617,Columbia Pictures
Moonrise Kingdom,PG-13,Comedy,94,2012,2012-06-29,United States,7.8,327000,Wes Anderson,Wes Anderson,Jared Gilman,United States,16000000,68264022,Indian Paintbrush
Sea of Love,R,Crime,113,1989,1989-09-15,United States,6.8,39000,Harold Becker,Richard Price,Al Pacino,United States,19000000,110879513,Universal Pictures
Narrow Margin,R,Action,97,1990,1990-09-21,United States,6.6,8400,Peter Hyams,Peter Hyams,Gene Hackman,United States,NA,10873237,Carolco Pictures
Onward,PG,Animation,102,2020,2020-03-06,United States,7.4,120000,Dan Scanlon,Dan Scanlon,Tom Holland,United States,NA,141950608,Walt Disney Pictures
Educating Rita,PG,Comedy,110,1983,1983-10-28,United States,7.2,13000,Lewis Gilbert,Willy Russell,Michael Caine,United Kingdom,NA,14648076,Acorn Pictures
Queens Logic,R,Comedy,100,1991,1991-02-01,United States,5.9,1500,Steve Rash,Tony Spiridakis,Kevin Bacon,United States,NA,612781,Carolco Pictures
Roadie,PG,Comedy,106,1980,1980-06-13,United States,5.2,1100,Alan Rudolph,Big Boy Medlin,Meat Loaf,United States,NA,4226370,Alive Enterprises
Just Visiting,PG-13,Adventure,88,2001,2001-04-06,United States,5.8,18000,Jean-Marie Poiré,Jean-Marie Poiré,Jean Reno,France,35000000,16176732,Gaumont
The Light Between Oceans,PG-13,Drama,133,2016,2016-09-02,United States,7.2,54000,Derek Cianfrance,Derek Cianfrance,Michael Fassbender,United Kingdom,20000000,25975621,Heyday Films
Hannibal Rising,R,Action,121,2007,2007-02-09,United States,6.2,106000,Peter Webber,Thomas Harris,Gaspard Ulliel,Czech Republic,50000000,82169884,Young Hannibal Productions
A Beautiful Day in the Neighborhood,PG,Biography,109,2019,2019-11-22,United States,7.3,67000,Marielle Heller,Micah Fitzerman-Blue,Tom Hanks,China,25000000,67760877,Big Beach Films
Bird on a Wire,PG-13,Action,110,1990,1990-05-18,United States,6,42000,John Badham,Louis Venosta,Mel Gibson,United States,20000000,138697012,Universal Pictures
Stepfather II: Make Room for Daddy,R,Horror,93,1989,1989-11-03,United States,5.7,3700,Jeff Burr,Carolyn Lefcourt,Terry O'Quinn,United Kingdom,1500000,1519796,Incorporated Television Company (ITC)
The Divorce,PG-13,Comedy,117,2003,2003-08-29,United States,4.9,11000,James Ivory,Diane Johnson,Kate Hudson,United States,NA,12991996,Merchant Ivory Productions
Spy Kids,PG,Action,88,2001,2001-03-30,United States,5.5,111000,Robert Rodriguez,Robert Rodriguez,Alexa PenaVega,United States,35000000,147934180,Dimension Films
Triple 9,R,Action,115,2016,2016-02-26,United States,6.3,69000,John Hillcoat,Matt Cook,Casey Affleck,United States,20000000,23177948,Worldview Entertainment
The Glass Castle,PG-13,Biography,127,2017,2017-08-11,United States,7.1,31000,Destin Daniel Cretton,Destin Daniel Cretton,Brie Larson,United States,9000000,22088533,Lionsgate
It's Complicated,R,Comedy,120,2009,2009-12-25,United States,6.5,88000,Nancy Meyers,Nancy Meyers,Meryl Streep,United States,85000000,219103655,Universal Pictures
Superbabies: Baby Geniuses 2,PG,Comedy,88,2004,2004-08-27,United States,1.9,30000,Bob Clark,Robert Grasmere,Jon Voight,Germany,20000000,9448644,ApolloMedia Distribution
Maze Runner: The Death Cure,PG-13,Action,143,2018,2018-01-26,United States,6.3,121000,Wes Ball,T.S. Nowlin,Dylan O'Brien,United States,62000000,288175335,Gotham Group
Hostel: Part II,R,Horror,94,2007,2007-06-08,United States,5.5,87000,Eli Roth,Eli Roth,Lauren German,United States,10200000,35728183,Lionsgate
Spirit: Stallion of the Cimarron,G,Animation,83,2002,2002-05-24,United States,7.2,69000,Kelly Asbury,John Fusco,Matt Damon,United States,80000000,122563539,DreamWorks Animation
The Dilemma,PG-13,Comedy,111,2011,2011-01-14,United States,5.3,53000,Ron Howard,Allan Loeb,Vince Vaughn,United States,70000000,69721966,Universal Pictures
Escape from L.A.,R,Action,101,1996,1996-08-09,United States,5.7,71000,John Carpenter,John Carpenter,Kurt Russell,United States,50000000,25477365,Paramount Pictures
Victor Frankenstein,PG-13,Drama,110,2015,2015-11-25,United States,6,54000,Paul McGuigan,Max Landis,Daniel Radcliffe,United Kingdom,65000000,34227298,Davis Entertainment
Atlas Shrugged: Part I,PG-13,Drama,97,2011,2011-04-15,United States,5.6,13000,Paul Johansson,Brian Patrick O'Toole,Taylor Schilling,United States,20000000,4627375,Atlas Productions
Manic,R,Drama,100,2001,2003-05-23,United States,7.2,9300,Jordan Melamed,Michael Bacall,Joseph Gordon-Levitt,United States,NA,69958,Manic LLC
Lucas,PG-13,Comedy,100,1986,1986-03-28,United States,6.9,15000,David Seltzer,David Seltzer,Corey Haim,United States,6000000,8200000,Lawrence Gordon Productions
Ready Player One,PG-13,Action,140,2018,2018-03-29,United States,7.4,388000,Steven Spielberg,Zak Penn,Tye Sheridan,United States,175000000,582893671,Warner Bros.
Anna,R,Action,118,2019,2019-06-21,United States,6.6,69000,Luc Besson,Luc Besson,Sasha Luss,France,NA,31626978,Summit Entertainment
The Birdcage,R,Comedy,117,1996,1996-03-08,United States,7.1,83000,Mike Nichols,Jean Poiret,Robin Williams,United States,31000000,185260553,United Artists
Reality Bites,PG-13,Comedy,99,1994,1994-02-18,United States,6.6,47000,Ben Stiller,Helen Childress,Winona Ryder,United States,11500000,33351557,Jersey Films
The Best of Times,PG-13,Comedy,104,1986,1986-01-31,United States,6,6800,Roger Spottiswoode,Ron Shelton,Robin Williams,United States,12000000,7817314,Cinema Group Ventures
Little Men,PG,Drama,98,1998,1998-05-08,United States,6.3,506,Rodney Gibbons,Mark Evan Schwartz,Kathleen Fee,Canada,NA,104255,Allegro Films
Book of Love,PG-13,Comedy,82,1990,1991-02-01,United States,6.2,1100,Robert Shaye,William Kotzwinkle,Chris Young,United States,NA,1382259,New Line Cinema
Final Fantasy: The Spirits Within,PG-13,Animation,106,2001,2001-07-11,United States,6.4,81000,Hironobu Sakaguchi,Hironobu Sakaguchi,Alec Baldwin,United States,137000000,85131830,Chris Lee Productions
The Protector,R,Action,91,1985,1985-08-23,United States,5.7,4200,James Glickenhaus,James Glickenhaus,Jackie Chan,Hong Kong,5000000,981817,Eurasia Investments
Alien vs. Predator,PG-13,Action,101,2004,2004-08-13,United States,5.6,188000,Paul W.S. Anderson,Dan O'Bannon,Sanaa Lathan,United States,60000000,177427090,Twentieth Century Fox
Patriot Games,R,Action,117,1992,1992-06-05,United States,6.9,106000,Phillip Noyce,Tom Clancy,Harrison Ford,United States,45000000,178051587,Mace Neufeld Productions
Lucky,Not Rated,Comedy,88,2017,2017-09-29,United States,7.4,21000,John Carroll Lynch,Logan Sparks,Harry Dean Stanton,United States,NA,2728446,Superlative Films
Sinister 2,R,Horror,97,2015,2015-08-21,United States,5.3,50000,Ciarán Foy,Scott Derrickson,James Ransone,United States,10000000,53329150,Entertainment One
HouseSitter,PG,Comedy,102,1992,1992-06-12,United States,6.1,23000,Frank Oz,Mark Stein,Steve Martin,United States,26000000,94900635,Imagine Entertainment
Stir of Echoes,R,Horror,99,1999,1999-09-10,United States,7,77000,David Koepp,Richard Matheson,Kevin Bacon,United States,12000000,21142914,Artisan Entertainment
Dead Man Down,R,Action,118,2013,2013-03-08,United States,6.5,65000,Niels Arden Oplev,J.H. Wyman,Colin Farrell,United States,30000000,18074539,FilmDistrict
Do the Right Thing,R,Comedy,120,1989,1989-07-21,United States,8,94000,Spike Lee,Spike Lee,Danny Aiello,United States,6500000,37295445,40 Acres & A Mule Filmworks
In Time,PG-13,Action,109,2011,2011-10-28,United States,6.7,379000,Andrew Niccol,Andrew Niccol,Justin Timberlake,United States,40000000,173930596,New Regency Productions
Jack the Giant Slayer,PG-13,Adventure,114,2013,2013-03-01,United States,6.2,134000,Bryan Singer,Darren Lemke,Nicholas Hoult,United Kingdom,195000000,197687603,New Line Cinema
Subway,R,Thriller,104,1985,1985-11-06,United States,6.6,14000,Luc Besson,Luc Besson,Christopher Lambert,France,NA,390659,Les Films du Loup
The Crazies,R,Horror,101,2010,2010-02-26,United States,6.5,114000,Breck Eisner,Scott Kosar,Radha Mitchell,United States,20000000,54806823,Overture Films
Two If by Sea,R,Comedy,96,1996,1996-01-12,United States,5.2,5500,Bill Bennett,Denis Leary,Sandra Bullock,United States,NA,10658278,Morgan Creek Entertainment
Middle Men,R,Comedy,105,2009,2010-08-06,United States,6.8,37000,George Gallo,George Gallo,Luke Wilson,United States,20000000,754301,Paramount Pictures
Ransom,R,Action,121,1996,1996-11-08,United States,6.7,121000,Ron Howard,Cyril Hume,Mel Gibson,United States,80000000,309492681,Touchstone Pictures
Surviving Picasso,R,Biography,125,1996,1996-09-20,United States,6.4,7000,James Ivory,Arianna Huffington,Anthony Hopkins,United States,16000000,2021348,Merchant Ivory Productions
Reds,PG,Biography,195,1981,1981-12-25,United States,7.3,21000,Warren Beatty,Warren Beatty,Warren Beatty,United States,32000000,40382659,Barclays Mercantile Industrial Finance
Flowers in the Attic,PG-13,Drama,93,1987,1987-11-20,United States,5.7,9500,Jeffrey Bloom,Virginia C. Andrews,Louise Fletcher,United States,NA,15151736,New World Pictures
Gosford Park,R,Comedy,131,2001,2002-01-18,United States,7.2,82000,Robert Altman,Julian Fellowes,Maggie Smith,United States,19800000,87754044,USA Films
Spice World,PG,Comedy,93,1997,1998-01-23,United States,3.5,34000,Bob Spiers,Spice Girls,Mel B,United Kingdom,25000000,29342592,Columbia Pictures
The Fox and the Hound,G,Animation,83,1981,1981-07-10,United States,7.3,87000,Directors,Daniel P. Mannix,Mickey Rooney,United States,12000000,63456988,Walt Disney Animation Studios
A Troll in Central Park,G,Animation,76,1994,1994-10-07,United States,5.4,6300,Don Bluth,Stu Krieger,Dom DeLuise,Ireland,NA,71368,Don Bluth
Baby Boom,PG,Comedy,110,1987,1987-10-30,United States,6.3,14000,Charles Shyer,Nancy Meyers,Diane Keaton,United States,NA,26712476,United Artists
Horns,R,Comedy,120,2013,2014-10-03,United States,6.5,80000,Alexandre Aja,Keith Bunin,Daniel Radcliffe,United States,NA,3875442,Red Granite Pictures
Deathstalker,R,Action,80,1983,1983-09-16,United States,4.6,4600,James Sbardellati,Howard R. Cohen,Rick Hill,United States,457000,11919250,Aries Cinematográfica Argentina
Unstoppable,PG-13,Action,98,2010,2010-11-12,United States,6.8,189000,Tony Scott,Mark Bomback,Denzel Washington,United States,100000000,167805466,Twentieth Century Fox
Time Bandits,PG,Adventure,110,1981,1981-11-06,United States,7,60000,Terry Gilliam,Michael Palin,Sean Connery,United Kingdom,5000000,42368025,HandMade Films
The Craft,R,Drama,101,1996,1996-05-03,United States,6.4,82000,Andrew Fleming,Peter Filardi,Robin Tunney,United States,15000000,24819936,Columbia Pictures
Ménage,NA,Comedy,84,1986,1986-10-01,United States,7,2700,Bertrand Blier,Bertrand Blier,Gérard Depardieu,France,NA,925952,Ciné Valse
The Basketball Diaries,R,Biography,102,1995,1995-04-21,United States,7.3,105000,Scott Kalvert,Jim Carroll,Leonardo DiCaprio,United States,2000000,2402438,New Line Cinema
Millennium,PG-13,Drama,108,1989,1989-08-25,United States,5.8,6100,Michael Anderson,John Varley,Kris Kristofferson,United States,NA,5777099,First Millenium Partnership
The Man in the Moon,PG-13,Drama,99,1991,1991-10-04,United States,7.3,16000,Robert Mulligan,Jenny Wingfield,Sam Waterston,United States,NA,2853801,Metro-Goldwyn-Mayer (MGM)
Beverly Hills Cop II,R,Action,100,1987,1987-05-20,United States,6.5,111000,Tony Scott,Danilo Bach,Eddie Murphy,United States,28000000,299965036,Paramount Pictures
Insomnia,R,Drama,118,2002,2002-05-24,United States,7.2,281000,Christopher Nolan,Hillary Seitz,Al Pacino,United States,46000000,113758770,Alcon Entertainment
Don't Let Go,R,Drama,103,2019,2019-08-30,United States,6.4,8000,Jacob Estes,Jacob Estes,David Oyelowo,United States,5000000,5288011,Blumhouse Productions
Kissed,NA,Drama,78,1996,1997-04-11,United States,6.4,3600,Lynne Stopkewich,Angus Fraser,Molly Parker,Canada,NA,329211,Boneyard Film Company Inc.
Cujo,R,Horror,93,1983,1983-08-12,United States,6.1,41000,Lewis Teague,Stephen King,Dee Wallace,United States,5000000,21156152,Sunn Classic Pictures
Storm Boy,PG,Drama,99,2019,2019-04-05,United States,6.9,3100,Shawn Seet,Justin Monjo,Finn Little,Australia,NA,4393018,Ambience Entertainment
Walk the Line,PG-13,Biography,136,2005,2005-11-18,United States,7.8,239000,James Mangold,Johnny Cash,Joaquin Phoenix,United States,28000000,186797986,Fox 2000 Pictures
Life Stinks,PG-13,Comedy,92,1991,1991-07-26,United States,5.9,9800,Mel Brooks,Mel Brooks,Mel Brooks,United States,13000000,4102526,Brooksfilms
Life of Pi,PG,Adventure,127,2012,2012-11-21,United States,7.9,594000,Ang Lee,Yann Martel,Suraj Sharma,United States,120000000,609016565,Fox 2000 Pictures
Bad Samaritan,R,Crime,110,2018,2018-05-04,United States,6.5,21000,Dean Devlin,Brandon Boyce,David Tennant,United States,NA,4623836,Electric Entertainment
It,R,Horror,135,2017,2017-09-08,United States,7.3,478000,Andy Muschietti,Chase Palmer,Bill Skarsgård,United States,35000000,701796444,New Line Cinema
Life or Something Like It,PG-13,Comedy,103,2002,2002-04-26,United States,5.8,24000,Stephen Herek,John Scott Shepherd,Angelina Jolie,United States,40000000,16872671,New Regency Productions
Superbad,R,Comedy,113,2007,2007-08-17,United States,7.6,535000,Greg Mottola,Seth Rogen,Michael Cera,United States,20000000,170812526,Columbia Pictures
The Man Who Knew Too Little,PG,Comedy,94,1997,1997-11-14,United States,6.6,31000,Jon Amiel,Robert Farrar,Bill Murray,United States,20000000,13717039,Warner Bros.
Taxi,Not Rated,Action,86,1998,1998-11-20,United States,7,78000,Gérard Pirès,Luc Besson,Samy Naceri,France,NA,NA,ARP Sélection
Rise of the Guardians,PG,Animation,97,2012,2012-11-21,United States,7.3,161000,Peter Ramsey,David Lindsay-Abaire,Hugh Jackman,United States,145000000,306941670,DreamWorks Animation
"I, Madman",R,Fantasy,89,1989,1989-04-07,United States,6,2900,Tibor Takács,David Chaskin,Jenny Wright,Canada,NA,NA,Trans World Entertainment (TWE)
How to Train Your Dragon,PG,Animation,98,2010,2010-03-26,United States,8.1,685000,Dean DeBlois,William Davies,Jay Baruchel,United States,165000000,494879471,DreamWorks Animation
Jab We Met,Not Rated,Comedy,138,2007,2007-10-26,United States,7.9,49000,Imtiaz Ali,Imtiaz Ali,Shahid Kapoor,India,NA,10065630,Shree Ashtavinayak Cine Vision
Heavy,R,Drama,105,1995,1996-06-05,United States,6.8,4500,James Mangold,James Mangold,Pruitt Taylor Vince,United States,NA,941414,Available Light Productions
Billy Madison,PG-13,Comedy,89,1995,1995-02-10,United States,6.4,135000,Tamra Davis,Tim Herlihy,Adam Sandler,United States,10000000,26488734,Universal Pictures
Carnosaur,R,Horror,83,1993,1993-05-21,United States,3.6,3700,Adam Simon,John Brosnan,Diane Ladd,United States,850000,1753979,New Horizons Picture
Tae Guk Gi: The Brotherhood of War,R,Action,140,2004,2004-09-24,United States,8,38000,Je-kyu Kang,Richard Epcar,Jang Dong-Gun,South Korea,12800000,76287982,Kang Je-Kyu Film Co. Ltd.
Black or White,PG-13,Drama,121,2014,2015-01-30,United States,6.6,12000,Mike Binder,Mike Binder,Kevin Costner,United States,9000000,21833967,BlackWhite
Damage,R,Drama,111,1992,1993-01-22,United States,6.8,17000,Louis Malle,David Hare,Jeremy Irons,United Kingdom,NA,7532911,Nouvelles Éditions de Films (NEF)
Wreck-It Ralph,PG,Animation,101,2012,2012-11-02,United States,7.7,390000,Rich Moore,Rich Moore,John C. Reilly,United States,165000000,471222889,Walt Disney Animation Studios
Monkeybone,PG-13,Animation,93,2001,2001-02-23,United States,4.8,17000,Henry Selick,Kaja Blackley,Brendan Fraser,United States,75000000,7622365,Twentieth Century Fox
Keanu,R,Action,100,2016,2016-04-29,United States,6.3,47000,Peter Atencio,Jordan Peele,Keegan-Michael Key,United States,15000000,20651333,Artists First
Big Momma's House 2,PG-13,Comedy,99,2006,2006-01-27,United States,4.8,41000,John Whitesell,Don Rhymer,Martin Lawrence,United States,40000000,141522961,Twentieth Century Fox
My Boss's Daughter,PG-13,Comedy,86,2003,2003-08-22,United States,4.7,29000,David Zucker,David Dorfman,Ashton Kutcher,United States,14000000,18191005,Dimension Films
The Blue Lagoon,R,Adventure,104,1980,1980-07-02,United States,5.8,65000,Randal Kleiser,Henry De Vere Stacpoole,Brooke Shields,United States,4500000,58853106,Columbia Pictures
Out of Time,PG-13,Crime,105,2003,2003-10-03,United States,6.5,58000,Carl Franklin,David Collard,Denzel Washington,United States,50000000,55495563,Metro-Goldwyn-Mayer (MGM)
Get Carter,R,Action,102,2000,2000-10-06,United States,5.2,33000,Stephen Kay,Ted Lewis,Sylvester Stallone,United States,63600000,19412993,Morgan Creek Entertainment
The Purge: Anarchy,R,Action,103,2014,2014-07-18,United States,6.4,143000,James DeMonaco,James DeMonaco,Frank Grillo,United States,9000000,111928365,Universal Pictures
Guarding Tess,PG-13,Comedy,96,1994,1994-03-11,United States,6.2,16000,Hugh Wilson,Hugh Wilson,Shirley MacLaine,United States,20000000,27058304,Channel Films
Guess Who,PG-13,Comedy,105,2005,2005-03-25,United States,5.9,41000,Kevin Rodney Sullivan,William Rose,Ashton Kutcher,United States,35000000,103121466,Columbia Pictures
Tangerine,R,Comedy,88,2015,2015-07-10,United States,7.1,28000,Sean Baker,Sean Baker,Kitana Kiki Rodriguez,United States,100000,828874,Duplass Brothers Productions
"Love, Simon",PG-13,Comedy,110,2018,2018-03-16,United States,7.6,104000,Greg Berlanti,Becky Albertalli,Nick Robinson,United States,17000000,66316289,Fox 2000 Pictures
Allied,R,Action,124,2016,2016-11-23,United States,7.1,146000,Robert Zemeckis,Steven Knight,Brad Pitt,United Kingdom,85000000,119520023,Paramount Pictures
Black Christmas,R,Horror,95,2006,2006-12-25,United States,4.6,25000,Glen Morgan,Glen Morgan,Michelle Trachtenberg,Canada,9000000,21510851,Dimension Films
Step Up Revolution,PG-13,Drama,99,2012,2012-07-27,United States,6.4,55000,Scott Speer,Amanda Brody,Kathryn McCormick,United States,33000000,140470746,Summit Entertainment
Regarding Henry,PG-13,Drama,108,1991,1991-07-10,United States,6.7,30000,Mike Nichols,J.J. Abrams,Harrison Ford,United States,25000000,43001500,Paramount Pictures
A Prophet,R,Crime,155,2009,2010-03-26,United States,7.9,95000,Jacques Audiard,Thomas Bidegain,Tahar Rahim,France,13000000,17874044,Why Not Productions
Mulholland Dr.,R,Drama,147,2001,2001-10-19,United States,7.9,331000,David Lynch,David Lynch,Naomi Watts,France,15000000,20263646,Les Films Alain Sarde
Splitting Heirs,PG-13,Comedy,87,1993,1993-04-30,United States,5.5,4100,Robert Young,Eric Idle,Eric Idle,United Kingdom,NA,3246063,Prominent Features
Airborne,PG,Adventure,91,1993,1993-09-17,United States,6.3,6500,Rob Bowman,Bill Apablasa,Shane McDermott,United States,2600000,2850263,Icon Entertainment International
House of Wax,R,Horror,113,2005,2005-05-06,United States,5.4,118000,Jaume Collet-Serra,Charles Belden,Chad Michael Murray,Australia,40000000,68766121,Warner Bros.
Leap Year,PG,Comedy,100,2010,2010-01-08,United States,6.5,99000,Anand Tucker,Deborah Kaplan,Amy Adams,United States,19000000,32686500,Universal Pictures
Gnomeo & Juliet,G,Animation,84,2011,2011-02-11,United States,5.9,53000,Kelly Asbury,Rob Sprackling,James McAvoy,United Kingdom,36000000,193967670,Touchstone Pictures
Demolition Man,R,Action,115,1993,1993-10-08,United States,6.7,163000,Marco Brambilla,Peter M. Lenkov,Sylvester Stallone,United States,57000000,58055768,Warner Bros.
Blame It on Rio,R,Comedy,100,1984,1984-02-17,United States,5.8,10000,Stanley Donen,Charlie Peters,Michael Caine,United States,NA,18644570,Sherwood Productions
8 Million Ways to Die,R,Action,115,1986,1986-04-25,United States,5.8,4700,Hal Ashby,Lawrence Block,Jeff Bridges,United States,18000000,1305114,Producers Sales Organization (PSO)
The Catcher Was a Spy,R,Biography,94,2018,2018-06-22,United States,6.2,8500,Ben Lewin,Robert Rodat,Paul Rudd,United States,14000000,953953,PalmStar Media
Weekend,Not Rated,Drama,97,2011,2011-11-04,United Kingdom,7.6,29000,Andrew Haigh,Andrew Haigh,Tom Cullen,United Kingdom,NA,1192003,EM Media
Only Lovers Left Alive,R,Comedy,123,2013,2013-12-25,Germany,7.3,94000,Jim Jarmusch,Jim Jarmusch,Tilda Swinton,United Kingdom,7000000,7609187,Recorded Picture Company (RPC)
"Two Days, One Night",PG-13,Drama,95,2014,2014-05-21,Belgium,7.3,46000,Jean-Pierre Dardenne,Jean-Pierre Dardenne,Marion Cotillard,Belgium,NA,9016922,Les Films du Fleuve
Sanam Teri Kasam,Not Rated,Drama,154,2016,2016-02-05,India,7.5,11000,Radhika Rao,Radhika Rao,Harshvardhan Rane,India,NA,1386707,Jhoom Jhoom Productions
Gummo,R,Comedy,89,1997,1997-11-24,Australia,6.7,33000,Harmony Korine,Harmony Korine,Nick Sutton,United States,1300000,116799,Fine Line Features
Mary Shelley,PG-13,Biography,120,2017,2018-07-05,Australia,6.5,14000,Haifaa Al-Mansour,Emma Jensen,Elle Fanning,United Kingdom,NA,2096600,BFI Film Fund
Afternoon Delight,R,Comedy,98,2013,2013-09-15,Canada,5.7,10000,Joey Soloway,Joey Soloway,Kathryn Hahn,United States,NA,175755,Whitewater Films
Adam's Apples,R,Comedy,94,2005,2005-04-15,Denmark,7.8,47000,Anders Thomas Jensen,Anders Thomas Jensen,Ulrich Thomsen,Denmark,NA,2421577,M&M Productions
Arctic,PG-13,Adventure,98,2018,2019-01-31,Denmark,6.8,46000,Joe Penna,Joe Penna,Mads Mikkelsen,Iceland,2000000,4165776,Armory Films
Loving Annabelle,Not Rated,Drama,77,2006,2007-05-24,Germany,6.3,12000,Katherine Brooks,Katherine Brooks,Erin Kelly,United States,1000000,NA,Big Easy Pictures
Purple Hearts,R,Drama,116,1984,1984-08-31,West Germany,5.8,816,Sidney J. Furie,Rick Natkin,Ken Wahl,United States,NA,2075282,The Ladd Company
Suicide Kings,R,Comedy,106,1997,1998-09-25,Greece,6.9,27000,Peter O'Fallon,Josh McKinney,Christopher Walken,United States,5000000,1740156,Live Entertainment
Last Night,R,Drama,93,2010,2011-02-16,France,6.6,47000,Massy Tadjedin,Massy Tadjedin,Keira Knightley,United States,NA,11042068,Gaumont
Undertow,R,Drama,108,2004,2004-12-17,Greece,6.6,8600,David Gordon Green,Lingard Jervey,Jamie Bell,United States,NA,156767,United Artists
The Room,R,Drama,99,2003,2003-06-27,Italy,3.7,84000,Tommy Wiseau,Tommy Wiseau,Tommy Wiseau,United States,6000000,4988181,Wiseau-Films
Anomalisa,R,Animation,90,2015,2016-03-11,United Kingdom,7.3,68000,Duke Johnson,Charlie Kaufman,David Thewlis,United Kingdom,8000000,5659286,Paramount Animation
We Need to Talk About Kevin,R,Drama,112,2011,2011-10-21,United Kingdom,7.5,142000,Lynne Ramsay,Lynne Ramsay,Tilda Swinton,United Kingdom,7000000,9232318,BBC Films
Dogtooth,Not Rated,Drama,97,2009,2009-11-11,Greece,7.2,87000,Yorgos Lanthimos,Efthymis Filippou,Christos Stergioglou,Greece,NA,676126,Boo Productions
Darbareye Elly,TV-PG,Drama,119,2009,2009-06-06,Iran,8,48000,Asghar Farhadi,Asghar Farhadi,Golshifteh Farahani,Iran,NA,879422,Dreamlab
Heavenly Creatures,R,Biography,99,1994,1994-10-14,New Zealand,7.3,60000,Peter Jackson,Fran Walsh,Melanie Lynskey,New Zealand,5000000,3049135,WingNut Films
The Hairdresser's Husband,R,Comedy,82,1990,1990-10-03,France,7.3,9200,Patrice Leconte,Claude Klotz,Jean Rochefort,France,NA,1217084,Lambart Productions
Guncrazy,R,Crime,97,1992,1993-09-09,Australia,5.5,2200,Tamra Davis,Matthew Bright,Drew Barrymore,United States,800000,114516,Zeta Entertainment
A Good Woman,PG,Drama,93,2004,2005-05-13,United Kingdom,6.5,12000,Mike Barker,Oscar Wilde,Helen Hunt,United Kingdom,NA,6878433,Beyond Films
Body Shots,R,Drama,106,1999,2000-01-21,Spain,4.9,5300,Michael Cristofer,David McKenna,Joe Basile,United States,NA,752122,New Line Cinema
Mean Machine,R,Comedy,99,2001,2001-12-26,United Kingdom,6.5,37000,Barry Skolnick,Tracy Keenan Wynn,Vinnie Jones,United Kingdom,NA,7310206,Paramount Pictures
May,R,Comedy,93,2002,2003-04-11,Denmark,6.6,34000,Lucky McKee,Lucky McKee,Angela Bettis,United States,500000,264349,2 Loop Films
The Skin I Live In,R,Drama,120,2011,2011-09-02,Spain,7.6,143000,Pedro Almodóvar,Thierry Jonquet,Antonio Banderas,Spain,NA,33750478,Blue Haze Entertainment
Pontypool,Not Rated,Fantasy,93,2008,2009-09-18,Turkey,6.6,30000,Bruce McDonald,Tony Burgess,Stephen McHattie,Canada,1500000,32118,Ponty Up Pictures
The Hunt,R,Drama,115,2012,2013-01-10,Denmark,8.3,297000,Thomas Vinterberg,Tobias Lindholm,Mads Mikkelsen,Denmark,3800000,15843274,Danmarks Radio (DR)
Nathalie...,NA,Drama,100,2003,2004-01-07,France,6.3,4500,Anne Fontaine,Philippe Blasband,Fanny Ardant,France,NA,5254422,Les Films Alain Sarde
It's My Turn,R,Comedy,91,1980,1981-02-05,Argentina,5.5,875,Claudia Weill,Eleanor Bergstein,Jill Clayburgh,United States,NA,NA,Rastar Films
Swingers,R,Comedy,96,1996,1997-04-11,Brazil,7.2,77000,Doug Liman,Jon Favreau,Vince Vaughn,United States,200000,4555020,Doug Liman Productions
Appointment with Death,PG,Crime,102,1988,1988-04-27,France,6.2,4200,Michael Winner,Agatha Christie,Peter Ustinov,United States,6000000,960040,Golan-Globus Productions
Chloe,R,Drama,96,2009,2010-03-10,France,6.3,71000,Atom Egoyan,Erin Cressida Wilson,Julianne Moore,United States,14000000,13657649,StudioCanal
Austenland,PG-13,Comedy,97,2013,2013-09-27,United Kingdom,6.3,20000,Jerusha Hess,Jerusha Hess,Keri Russell,United Kingdom,NA,2313509,Fickle Fish Films
The Sacrifice,PG,Drama,149,1986,1986-05-09,Sweden,8.1,26000,Andrei Tarkovsky,Andrei Tarkovsky,Erland Josephson,Sweden,NA,167292,Svenska Filminstitutet (SFI)
Animal Kingdom,R,Crime,113,2010,2010-06-03,Australia,7.3,56000,David Michôd,David Michôd,James Frecheville,Australia,NA,7209912,Porchlight Films
Rachel Getting Married,R,Drama,113,2008,2008-10-31,Spain,6.7,48000,Jonathan Demme,Jenny Lumet,Anne Hathaway,United States,NA,16937968,Armian Pictures
Akira,R,Animation,124,1988,1988-07-16,Japan,8,171000,Katsuhiro Ôtomo,Katsuhiro Ôtomo,Mitsuo Iwata,Japan,NA,2562351,Akira Committee Company Ltd.
Jin ling shi san chai,R,Drama,146,2011,2011-12-16,China,7.6,51000,Yimou Zhang,Heng Liu,Christian Bale,China,94000000,2855644,Beijing New Picture Film
Time of the Wolf,R,Drama,114,2003,2003-10-08,France,6.6,10000,Michael Haneke,Michael Haneke,Isabelle Huppert,France,NA,499149,Arte France Cinéma
The Deep Blue Sea,R,Drama,98,2011,2011-11-25,United Kingdom,6.2,15000,Terence Davies,Terence Rattigan,Rachel Weisz,United Kingdom,NA,3143514,Camberwell / Fly Films
Mary Magdalene,R,Biography,120,2018,2018-03-16,United Kingdom,5.9,9300,Garth Davis,Helen Edmundson,Rooney Mara,United Kingdom,NA,11710110,See-Saw Films
Adore,R,Drama,112,2013,2013-04-03,France,6.2,33000,Anne Fontaine,Anne Fontaine,Naomi Watts,Australia,16000000,1575749,Gaumont
Beautiful Boy,R,Biography,120,2018,2018-10-25,Israel,7.3,59000,Felix van Groeningen,Luke Davies,Steve Carell,United States,25000000,16636604,Amazon Studios
Romper Stomper,R,Crime,94,1992,1992-11-12,Australia,6.8,38000,Geoffrey Wright,Geoffrey Wright,Russell Crowe,Australia,NA,175340,Film Victoria
Reprise,R,Drama,105,2006,2006-09-08,Norway,7.3,9800,Joachim Trier,Joachim Trier,Anders Danielsen Lie,Norway,NA,1297260,4 1/2 Film
Cutter's Way,R,Crime,109,1981,1982-02-10,France,6.9,5300,Ivan Passer,Newton Thornburg,Jeff Bridges,United States,3000000,1752634,Gurian Entertainment
Midnight Special,PG-13,Drama,112,2016,2016-04-21,Greece,6.6,77000,Jeff Nichols,Jeff Nichols,Michael Shannon,United States,18000000,6740647,Warner Bros.
Mediterraneo,R,Comedy,96,1991,1991-01-31,Italy,7.5,14000,Gabriele Salvatores,Enzo Monteleone,Diego Abatantuono,Italy,NA,4532791,A.M.A. Film
Heaven,R,Crime,97,2002,2002-02-21,Germany,7,24000,Tom Tykwer,Krzysztof Kieslowski,Cate Blanchett,United Kingdom,11000000,4247089,Miramax
The Water Diviner,R,Drama,111,2014,2014-12-26,Australia,7,73000,Russell Crowe,Andrew Knight,Russell Crowe,Australia,22500000,38176317,Fear of God Films
Knights of Badassdom,R,Action,86,2013,2014-04-11,Australia,5.6,20000,Joe Lynch,Kevin Dreyfuss,Ryan Kwanten,United States,NA,123854,Bayview Films
Blue Ruin,R,Crime,90,2013,2014-07-09,France,7.1,69000,Jeremy Saulnier,Jeremy Saulnier,Macon Blair,United States,420000,993313,The Lab of Madness
Infernal Affairs,R,Action,101,2002,2002-12-12,Hong Kong,8,120000,Andrew Lau,Alan Mak,Andy Lau,Hong Kong,6428966,8836958,Media Asia Films
Tigerland,R,Drama,101,2000,2001-05-24,Germany,7,39000,Joel Schumacher,Ross Klavan,Colin Farrell,United States,10000000,148701,Haft Entertainment
The Color of Paradise,PG,Drama,90,1999,2000-09-07,Australia,8.2,16000,Majid Majidi,Majid Majidi,Hossein Mahjoub,Iran,NA,2777552,Varahonar Company
The Tale of The Princess Kaguya,PG,Animation,137,2013,2013-11-23,Japan,8,41000,Isao Takahata,Isao Takahata,Chloë Grace Moretz,Japan,NA,24706166,Studio Ghibli
Like Crazy,PG-13,Drama,86,2011,2012-01-27,United Kingdom,6.7,60000,Drake Doremus,Drake Doremus,Felicity Jones,United States,250000,3852409,Paramount Vantage
Rust and Bone,R,Drama,120,2012,2012-05-17,Belgium,7.5,65000,Jacques Audiard,Jacques Audiard,Marion Cotillard,France,NA,25807712,Why Not Productions
Three Colors: Blue,R,Drama,94,1993,1993-09-08,France,7.9,93000,Krzysztof Kieslowski,Krzysztof Kieslowski,Juliette Binoche,France,NA,1341154,MK2 Productions
The Florida Project,R,Drama,111,2017,2017-11-10,United Kingdom,7.6,101000,Sean Baker,Sean Baker,Brooklynn Prince,United States,2000000,10971298,Cre Film
Beau travail,Unrated,Drama,92,1999,2000-05-03,France,7.4,9500,Claire Denis,Claire Denis,Denis Lavant,France,NA,NA,La Sept-Arte
"Happy, Texas",PG-13,Comedy,98,1999,1999-12-03,United Kingdom,6.3,9600,Mark Illsley,Ed Stone,Jeremy Northam,United States,2500000,1955933,Marked Entertainment
Cemetery of Splendor,Unrated,Drama,122,2015,2015-09-02,France,6.8,4400,Apichatpong Weerasethakul,Apichatpong Weerasethakul,Jenjira Pongpas,Thailand,NA,98932,Kick the Machine
I Spit on Your Grave,R,Horror,108,2010,2011-01-20,Argentina,6.3,79000,Steven R. Monroe,Adam Rockoff,Sarah Butler,United States,2000000,1278650,Cinetel Films
